[INFO] Scanning for projects...
[INFO] 
[INFO] -----------------< com.shopsphere:shopsphere-backend >------------------
[INFO] Building shopsphere-backend 1.0.0
[INFO]   from pom.xml
[INFO] --------------------------------[ jar ]---------------------------------
[INFO] 
[INFO] >>> spring-boot:3.3.2:run (default-cli) > test-compile @ shopsphere-backend >>>
[INFO] 
[INFO] --- resources:3.3.1:resources (default-resources) @ shopsphere-backend ---
[INFO] Copying 2 resources from src\main\resources to target\classes
[INFO] Copying 0 resource from src\main\resources to target\classes
[INFO] 
[INFO] --- compiler:3.13.0:compile (default-compile) @ shopsphere-backend ---
[INFO] Nothing to compile - all classes are up to date.
[INFO] 
[INFO] --- resources:3.3.1:testResources (default-testResources) @ shopsphere-backend ---
[INFO] skip non existing resourceDirectory D:\full-stack-project\ShopSphere\shopsphere-backend\src\test\resources
[INFO] 
[INFO] --- compiler:3.13.0:testCompile (default-testCompile) @ shopsphere-backend ---
[INFO] No sources to compile
[INFO] 
[INFO] <<< spring-boot:3.3.2:run (default-cli) < test-compile @ shopsphere-backend <<<
[INFO] 
[INFO] 
[INFO] --- spring-boot:3.3.2:run (default-cli) @ shopsphere-backend ---
[INFO] Attaching agents: []

  .   ____          _            __ _ _
 /\\ / ___'_ __ _ _(_)_ __  __ _ \ \ \ \
( ( )\___ | '_ | '_| | '_ \/ _` | \ \ \ \
 \\/  ___)| |_)| | | | | || (_| |  ) ) ) )
  '  |____| .__|_| |_|_| |_\__, | / / / /
 =========|_|==============|___/=/_/_/_/

 :: Spring Boot ::                (v3.3.2)

2026-08-14T01:07:48.071+05:30  INFO 22184 --- [shopsphere-backend] [           main] com.shopsphere.ShopSphereApplication     : Starting ShopSphereApplication using Java 24.0.2 with PID 22184 (D:\full-stack-project\ShopSphere\shopsphere-backend\target\classes started by hk249 in D:\full-stack-project\ShopSphere\shopsphere-backend)
2026-08-14T01:07:48.074+05:30  INFO 22184 --- [shopsphere-backend] [           main] com.shopsphere.ShopSphereApplication     : The following 1 profile is active: "dev"
2026-08-14T01:07:48.075+05:30 DEBUG 22184 --- [shopsphere-backend] [           main] o.s.boot.SpringApplication               : Loading source class com.shopsphere.ShopSphereApplication
2026-08-14T01:07:48.154+05:30 DEBUG 22184 --- [shopsphere-backend] [           main] ConfigServletWebServerApplicationContext : Refreshing org.springframework.boot.web.servlet.context.AnnotationConfigServletWebServerApplicationContext@14028087
2026-08-14T01:07:49.141+05:30  INFO 22184 --- [shopsphere-backend] [           main] .s.d.r.c.RepositoryConfigurationDelegate : Bootstrapping Spring Data JPA repositories in DEFAULT mode.
2026-08-14T01:07:49.165+05:30 DEBUG 22184 --- [shopsphere-backend] [           main] o.s.b.a.AutoConfigurationPackages        : @EnableAutoConfiguration was declared on a class in the package 'com.shopsphere'. Automatic @Repository and @Entity scanning is enabled.
2026-08-14T01:07:49.243+05:30  INFO 22184 --- [shopsphere-backend] [           main] .s.d.r.c.RepositoryConfigurationDelegate : Finished Spring Data repository scanning in 87 ms. Found 12 JPA repository interfaces.
WARNING: A restricted method in java.lang.System has been called
WARNING: java.lang.System::load has been called by org.apache.tomcat.jni.Library in an unnamed module (file:/C:/Users/hk249/.m2/repository/org/apache/tomcat/embed/tomcat-embed-core/10.1.26/tomcat-embed-core-10.1.26.jar)
WARNING: Use --enable-native-access=ALL-UNNAMED to avoid a warning for callers in this module
WARNING: Restricted methods will be blocked in a future release unless native access is enabled

2026-08-14T01:07:49.916+05:30 DEBUG 22184 --- [shopsphere-backend] [           main] .s.b.w.e.t.TomcatServletWebServerFactory : Code archive: C:\Users\hk249\.m2\repository\org\springframework\boot\spring-boot\3.3.2\spring-boot-3.3.2.jar
2026-08-14T01:07:49.916+05:30 DEBUG 22184 --- [shopsphere-backend] [           main] .s.b.w.e.t.TomcatServletWebServerFactory : Code archive: C:\Users\hk249\.m2\repository\org\springframework\boot\spring-boot\3.3.2\spring-boot-3.3.2.jar
2026-08-14T01:07:49.917+05:30 DEBUG 22184 --- [shopsphere-backend] [           main] .s.b.w.e.t.TomcatServletWebServerFactory : None of the document roots [src/main/webapp, public, static] point to a directory and will be ignored.
2026-08-14T01:07:49.939+05:30  INFO 22184 --- [shopsphere-backend] [           main] o.s.b.w.embedded.tomcat.TomcatWebServer  : Tomcat initialized with port 8081 (http)
2026-08-14T01:07:49.954+05:30  INFO 22184 --- [shopsphere-backend] [           main] o.apache.catalina.core.StandardService   : Starting service [Tomcat]
2026-08-14T01:07:49.955+05:30  INFO 22184 --- [shopsphere-backend] [           main] o.apache.catalina.core.StandardEngine    : Starting Servlet engine: [Apache Tomcat/10.1.26]
2026-08-14T01:07:50.023+05:30  INFO 22184 --- [shopsphere-backend] [           main] o.a.c.c.C.[Tomcat].[localhost].[/]       : Initializing Spring embedded WebApplicationContext
2026-08-14T01:07:50.023+05:30 DEBUG 22184 --- [shopsphere-backend] [           main] w.s.c.ServletWebServerApplicationContext : Published root WebApplicationContext as ServletContext attribute with name [org.springframework.web.context.WebApplicationContext.ROOT]
2026-08-14T01:07:50.023+05:30  INFO 22184 --- [shopsphere-backend] [           main] w.s.c.ServletWebServerApplicationContext : Root WebApplicationContext: initialization completed in 1869 ms
2026-08-14T01:07:50.060+05:30 DEBUG 22184 --- [shopsphere-backend] [           main] o.s.b.w.s.ServletContextInitializerBeans : Mapping filters: springSecurityFilterChain urls=[/*] order=-100, characterEncodingFilter urls=[/*] order=-2147483648, formContentFilter urls=[/*] order=-9900, requestContextFilter urls=[/*] order=-105, corsFilter urls=[/*] order=2147483647
2026-08-14T01:07:50.061+05:30 DEBUG 22184 --- [shopsphere-backend] [           main] o.s.b.w.s.ServletContextInitializerBeans : Mapping servlets: dispatcherServlet urls=[/]
2026-08-14T01:07:50.083+05:30 DEBUG 22184 --- [shopsphere-backend] [           main] o.s.b.w.s.f.OrderedRequestContextFilter  : Filter 'requestContextFilter' configured for use
2026-08-14T01:07:50.084+05:30 DEBUG 22184 --- [shopsphere-backend] [           main] o.springframework.web.filter.CorsFilter  : Filter 'corsFilter' configured for use
2026-08-14T01:07:50.084+05:30 DEBUG 22184 --- [shopsphere-backend] [           main] s.b.w.s.f.OrderedCharacterEncodingFilter : Filter 'characterEncodingFilter' configured for use
2026-08-14T01:07:50.085+05:30 DEBUG 22184 --- [shopsphere-backend] [           main] .DelegatingFilterProxyRegistrationBean$1 : Filter 'springSecurityFilterChain' configured for use
2026-08-14T01:07:50.085+05:30 DEBUG 22184 --- [shopsphere-backend] [           main] o.s.b.w.s.f.OrderedFormContentFilter     : Filter 'formContentFilter' configured for use
2026-08-14T01:07:50.204+05:30  INFO 22184 --- [shopsphere-backend] [           main] o.hibernate.jpa.internal.util.LogHelper  : HHH000204: Processing PersistenceUnitInfo [name: default]
2026-08-14T01:07:50.262+05:30  INFO 22184 --- [shopsphere-backend] [           main] org.hibernate.Version                    : HHH000412: Hibernate ORM core version 6.5.2.Final
2026-08-14T01:07:50.297+05:30  INFO 22184 --- [shopsphere-backend] [           main] o.h.c.internal.RegionFactoryInitiator    : HHH000026: Second-level cache disabled
2026-08-14T01:07:50.617+05:30  INFO 22184 --- [shopsphere-backend] [           main] o.s.o.j.p.SpringPersistenceUnitInfo      : No LoadTimeWeaver setup: ignoring JPA class transformer
2026-08-14T01:07:50.645+05:30  INFO 22184 --- [shopsphere-backend] [           main] com.zaxxer.hikari.HikariDataSource       : HikariPool-1 - Starting...
2026-08-14T01:07:50.817+05:30  INFO 22184 --- [shopsphere-backend] [           main] com.zaxxer.hikari.pool.HikariPool        : HikariPool-1 - Added connection com.mysql.cj.jdbc.ConnectionImpl@72a3462f
2026-08-14T01:07:50.819+05:30  INFO 22184 --- [shopsphere-backend] [           main] com.zaxxer.hikari.HikariDataSource       : HikariPool-1 - Start completed.
2026-08-14T01:07:50.878+05:30  WARN 22184 --- [shopsphere-backend] [           main] org.hibernate.orm.deprecation            : HHH90000025: MySQLDialect does not need to be specified explicitly using 'hibernate.dialect' (remove the property setting and it will be selected by default)
2026-08-14T01:07:52.211+05:30  INFO 22184 --- [shopsphere-backend] [           main] o.h.e.t.j.p.i.JtaPlatformInitiator       : HHH000489: No JTA platform available (set 'hibernate.transaction.jta.platform' to enable JTA platform integration)
2026-08-14T01:07:52.272+05:30 DEBUG 22184 --- [shopsphere-backend] [           main] org.hibernate.SQL                        : 
    alter table audit_logs 
       modify column details TEXT
Hibernate: 
    alter table audit_logs 
       modify column details TEXT
2026-08-14T01:07:52.289+05:30 DEBUG 22184 --- [shopsphere-backend] [           main] org.hibernate.SQL                        : 
    alter table categories 
       modify column description TEXT
Hibernate: 
    alter table categories 
       modify column description TEXT
2026-08-14T01:07:52.307+05:30 DEBUG 22184 --- [shopsphere-backend] [           main] org.hibernate.SQL                        : 
    alter table coupons 
       modify column discount_type enum ('FIXED_AMOUNT','PERCENTAGE') not null
Hibernate: 
    alter table coupons 
       modify column discount_type enum ('FIXED_AMOUNT','PERCENTAGE') not null
2026-08-14T01:07:52.320+05:30 DEBUG 22184 --- [shopsphere-backend] [           main] org.hibernate.SQL                        : 
    alter table notifications 
       modify column message TEXT not null
Hibernate: 
    alter table notifications 
       modify column message TEXT not null
2026-08-14T01:07:52.328+05:30 DEBUG 22184 --- [shopsphere-backend] [           main] org.hibernate.SQL                        : 
    alter table orders 
       modify column status enum ('CANCELLED','CONFIRMED','DELIVERED','OUT_FOR_DELIVERY','PACKED','PENDING','PROCESSING','RETURNED','RETURN_REQUESTED','SHIPPED') not null
Hibernate: 
    alter table orders 
       modify column status enum ('CANCELLED','CONFIRMED','DELIVERED','OUT_FOR_DELIVERY','PACKED','PENDING','PROCESSING','RETURNED','RETURN_REQUESTED','SHIPPED') not null
2026-08-14T01:07:52.345+05:30 DEBUG 22184 --- [shopsphere-backend] [           main] org.hibernate.SQL                        : 
    alter table payments 
       modify column payment_method enum ('COD','CREDIT_CARD','DEBIT_CARD','NET_BANKING','UPI') not null
Hibernate: 
    alter table payments 
       modify column payment_method enum ('COD','CREDIT_CARD','DEBIT_CARD','NET_BANKING','UPI') not null
2026-08-14T01:07:52.357+05:30 DEBUG 22184 --- [shopsphere-backend] [           main] org.hibernate.SQL                        : 
    alter table payments 
       modify column payment_response_payload TEXT
Hibernate: 
    alter table payments 
       modify column payment_response_payload TEXT
2026-08-14T01:07:52.364+05:30 DEBUG 22184 --- [shopsphere-backend] [           main] org.hibernate.SQL                        : 
    alter table payments 
       modify column payment_status enum ('COMPLETED','FAILED','PENDING','REFUNDED') not null
Hibernate: 
    alter table payments 
       modify column payment_status enum ('COMPLETED','FAILED','PENDING','REFUNDED') not null
2026-08-14T01:07:52.374+05:30 DEBUG 22184 --- [shopsphere-backend] [           main] org.hibernate.SQL                        : 
    alter table products 
       modify column description TEXT not null
Hibernate: 
    alter table products 
       modify column description TEXT not null
2026-08-14T01:07:52.397+05:30 DEBUG 22184 --- [shopsphere-backend] [           main] org.hibernate.SQL                        : 
    alter table reviews 
       modify column comment TEXT
Hibernate: 
    alter table reviews 
       modify column comment TEXT
2026-08-14T01:07:52.418+05:30 DEBUG 22184 --- [shopsphere-backend] [           main] org.hibernate.SQL                        : 
    alter table roles 
       modify column name enum ('ROLE_ADMIN','ROLE_CUSTOMER','ROLE_SELLER') not null
Hibernate: 
    alter table roles 
       modify column name enum ('ROLE_ADMIN','ROLE_CUSTOMER','ROLE_SELLER') not null
2026-08-14T01:07:52.427+05:30 DEBUG 22184 --- [shopsphere-backend] [           main] org.hibernate.SQL                        : 
    alter table seller_profiles 
       modify column description TEXT
Hibernate: 
    alter table seller_profiles 
       modify column description TEXT
2026-08-14T01:07:52.442+05:30 DEBUG 22184 --- [shopsphere-backend] [           main] org.hibernate.SQL                        : 
    alter table seller_profiles 
       modify column status enum ('APPROVED','PENDING','REJECTED') not null
Hibernate: 
    alter table seller_profiles 
       modify column status enum ('APPROVED','PENDING','REJECTED') not null
2026-08-14T01:07:52.611+05:30  INFO 22184 --- [shopsphere-backend] [           main] j.LocalContainerEntityManagerFactoryBean : Initialized JPA EntityManagerFactory for persistence unit 'default'
2026-08-14T01:07:52.960+05:30  INFO 22184 --- [shopsphere-backend] [           main] o.s.d.j.r.query.QueryEnhancerFactory     : Hibernate is in classpath; If applicable, HQL parser will be used.
2026-08-14T01:07:53.568+05:30  WARN 22184 --- [shopsphere-backend] [           main] .s.s.UserDetailsServiceAutoConfiguration : 

Using generated security password: 8a7b1d49-1771-45cf-b7c0-d3e66d8f1eca

This generated password is for development use only. Your security configuration must be updated before running your application in production.

2026-08-14T01:07:53.594+05:30  INFO 22184 --- [shopsphere-backend] [           main] r$InitializeUserDetailsManagerConfigurer : Global AuthenticationManager configured with UserDetailsService bean with name inMemoryUserDetailsManager
2026-08-14T01:07:53.718+05:30 DEBUG 22184 --- [shopsphere-backend] [           main] s.w.s.m.m.a.RequestMappingHandlerMapping : 10 mappings in 'requestMappingHandlerMapping'
2026-08-14T01:07:53.818+05:30 DEBUG 22184 --- [shopsphere-backend] [           main] o.s.w.s.handler.SimpleUrlHandlerMapping  : Patterns [/webjars/**, /**, /swagger-ui*/*swagger-initializer.js, /swagger-ui*/**] in 'resourceHandlerMapping'
2026-08-14T01:07:53.938+05:30 DEBUG 22184 --- [shopsphere-backend] [           main] s.w.s.m.m.a.RequestMappingHandlerAdapter : ControllerAdvice beans: 0 @ModelAttribute, 0 @InitBinder, 1 RequestBodyAdvice, 1 ResponseBodyAdvice
2026-08-14T01:07:53.986+05:30 DEBUG 22184 --- [shopsphere-backend] [           main] .m.m.a.ExceptionHandlerExceptionResolver : ControllerAdvice beans: 2 @ExceptionHandler, 1 ResponseBodyAdvice
2026-08-14T01:07:54.388+05:30  INFO 22184 --- [shopsphere-backend] [           main] o.s.b.w.embedded.tomcat.TomcatWebServer  : Tomcat started on port 8081 (http) with context path '/'
2026-08-14T01:07:54.399+05:30 DEBUG 22184 --- [shopsphere-backend] [           main] .s.b.a.l.ConditionEvaluationReportLogger : 


============================
CONDITIONS EVALUATION REPORT
============================


Positive matches:
-----------------

   AopAutoConfiguration matched:
      - @ConditionalOnProperty (spring.aop.auto=true) matched (OnPropertyCondition)

   AopAutoConfiguration.AspectJAutoProxyingConfiguration matched:
      - @ConditionalOnClass found required class 'org.aspectj.weaver.Advice' (OnClassCondition)

   AopAutoConfiguration.AspectJAutoProxyingConfiguration.CglibAutoProxyConfiguration matched:
      - @ConditionalOnProperty (spring.aop.proxy-target-class=true) matched (OnPropertyCondition)

   ApplicationAvailabilityAutoConfiguration#applicationAvailability matched:
      - @ConditionalOnMissingBean (types: org.springframework.boot.availability.ApplicationAvailability; SearchStrategy: all) did not find any beans (OnBeanCondition)

   DataSourceAutoConfiguration matched:
      - @ConditionalOnClass found required classes 'javax.sql.DataSource', 'org.springframework.jdbc.datasource.embedded.EmbeddedDatabaseType' (OnClassCondition)
      - @ConditionalOnMissingBean (types: io.r2dbc.spi.ConnectionFactory; SearchStrategy: all) did not find any beans (OnBeanCondition)

   DataSourceAutoConfiguration.PooledDataSourceConfiguration matched:
      - AnyNestedCondition 1 matched 1 did not; NestedCondition on DataSourceAutoConfiguration.PooledDataSourceCondition.PooledDataSourceAvailable PooledDataSource found supported DataSource; NestedCondition on DataSourceAutoConfiguration.PooledDataSourceCondition.ExplicitType @ConditionalOnProperty (spring.datasource.type) did not find property 'type' (DataSourceAutoConfiguration.PooledDataSourceCondition)
      - @ConditionalOnMissingBean (types: javax.sql.DataSource,javax.sql.XADataSource; SearchStrategy: all) did not find any beans (OnBeanCondition)

   DataSourceAutoConfiguration.PooledDataSourceConfiguration#jdbcConnectionDetails matched:
      - @ConditionalOnMissingBean (types: org.springframework.boot.autoconfigure.jdbc.JdbcConnectionDetails; SearchStrategy: all) did not find any beans (OnBeanCondition)

   DataSourceConfiguration.Hikari matched:
      - @ConditionalOnClass found required class 'com.zaxxer.hikari.HikariDataSource' (OnClassCondition)
      - @ConditionalOnProperty (spring.datasource.type=com.zaxxer.hikari.HikariDataSource) matched (OnPropertyCondition)
      - @ConditionalOnMissingBean (types: javax.sql.DataSource; SearchStrategy: all) did not find any beans (OnBeanCondition)

   DataSourceInitializationConfiguration matched:
      - @ConditionalOnClass found required class 'org.springframework.jdbc.datasource.init.DatabasePopulator' (OnClassCondition)
      - @ConditionalOnSingleCandidate (types: javax.sql.DataSource; SearchStrategy: all) found a single bean 'dataSource'; @ConditionalOnMissingBean (types: org.springframework.boot.autoconfigure.sql.init.SqlDataSourceScriptDatabaseInitializer,org.springframework.boot.autoconfigure.sql.init.SqlR2dbcScriptDatabaseInitializer; SearchStrategy: all) did not find any beans (OnBeanCondition)

   DataSourceJmxConfiguration matched:
      - @ConditionalOnProperty (spring.jmx.enabled=true) matched (OnPropertyCondition)

   DataSourceJmxConfiguration.Hikari matched:
      - @ConditionalOnClass found required class 'com.zaxxer.hikari.HikariDataSource' (OnClassCondition)
      - @ConditionalOnSingleCandidate (types: javax.sql.DataSource; SearchStrategy: all) found a single bean 'dataSource' (OnBeanCondition)

   DataSourcePoolMetadataProvidersConfiguration.HikariPoolDataSourceMetadataProviderConfiguration matched:
      - @ConditionalOnClass found required class 'com.zaxxer.hikari.HikariDataSource' (OnClassCondition)

   DataSourceTransactionManagerAutoConfiguration matched:
      - @ConditionalOnClass found required classes 'javax.sql.DataSource', 'org.springframework.jdbc.core.JdbcTemplate', 'org.springframework.transaction.TransactionManager' (OnClassCondition)

   DataSourceTransactionManagerAutoConfiguration.JdbcTransactionManagerConfiguration matched:
      - @ConditionalOnSingleCandidate (types: javax.sql.DataSource; SearchStrategy: all) found a single bean 'dataSource' (OnBeanCondition)

   DispatcherServletAutoConfiguration matched:
      - @ConditionalOnClass found required class 'org.springframework.web.servlet.DispatcherServlet' (OnClassCondition)
      - found 'session' scope (OnWebApplicationCondition)

   DispatcherServletAutoConfiguration.DispatcherServletConfiguration matched:
      - @ConditionalOnClass found required class 'jakarta.servlet.ServletRegistration' (OnClassCondition)
      - Default DispatcherServlet did not find dispatcher servlet beans (DispatcherServletAutoConfiguration.DefaultDispatcherServletCondition)

   DispatcherServletAutoConfiguration.DispatcherServletRegistrationConfiguration matched:
      - @ConditionalOnClass found required class 'jakarta.servlet.ServletRegistration' (OnClassCondition)
      - DispatcherServlet Registration did not find servlet registration bean (DispatcherServletAutoConfiguration.DispatcherServletRegistrationCondition)

   DispatcherServletAutoConfiguration.DispatcherServletRegistrationConfiguration#dispatcherServletRegistration matched:
      - @ConditionalOnBean (names: dispatcherServlet types: org.springframework.web.servlet.DispatcherServlet; SearchStrategy: all) found bean 'dispatcherServlet' (OnBeanCondition)

   EmbeddedWebServerFactoryCustomizerAutoConfiguration matched:
      - @ConditionalOnWebApplication (required) found 'session' scope (OnWebApplicationCondition)
      - @ConditionalOnWarDeployment the application is not deployed as a WAR file. (OnWarDeploymentCondition)

   EmbeddedWebServerFactoryCustomizerAutoConfiguration.TomcatWebServerFactoryCustomizerConfiguration matched:
      - @ConditionalOnClass found required classes 'org.apache.catalina.startup.Tomcat', 'org.apache.coyote.UpgradeProtocol' (OnClassCondition)

   ErrorMvcAutoConfiguration matched:
      - @ConditionalOnClass found required classes 'jakarta.servlet.Servlet', 'org.springframework.web.servlet.DispatcherServlet' (OnClassCondition)
      - found 'session' scope (OnWebApplicationCondition)

   ErrorMvcAutoConfiguration#basicErrorController matched:
      - @ConditionalOnMissingBean (types: org.springframework.boot.web.servlet.error.ErrorController; SearchStrategy: current) did not find any beans (OnBeanCondition)

   ErrorMvcAutoConfiguration#errorAttributes matched:
      - @ConditionalOnMissingBean (types: org.springframework.boot.web.servlet.error.ErrorAttributes; SearchStrategy: current) did not find any beans (OnBeanCondition)

   ErrorMvcAutoConfiguration.DefaultErrorViewResolverConfiguration#conventionErrorViewResolver matched:
      - @ConditionalOnBean (types: org.springframework.web.servlet.DispatcherServlet; SearchStrategy: all) found bean 'dispatcherServlet'; @ConditionalOnMissingBean (types: org.springframework.boot.autoconfigure.web.servlet.error.ErrorViewResolver; SearchStrategy: all) did not find any beans (OnBeanCondition)

   ErrorMvcAutoConfiguration.WhitelabelErrorViewConfiguration matched:
      - @ConditionalOnProperty (server.error.whitelabel.enabled) matched (OnPropertyCondition)
      - ErrorTemplate Missing did not find error template view (ErrorMvcAutoConfiguration.ErrorTemplateMissingCondition)

   ErrorMvcAutoConfiguration.WhitelabelErrorViewConfiguration#beanNameViewResolver matched:
      - @ConditionalOnMissingBean (types: org.springframework.web.servlet.view.BeanNameViewResolver; SearchStrategy: all) did not find any beans (OnBeanCondition)

   ErrorMvcAutoConfiguration.WhitelabelErrorViewConfiguration#defaultErrorView matched:
      - @ConditionalOnMissingBean (names: error; SearchStrategy: all) did not find any beans (OnBeanCondition)

   GenericCacheConfiguration matched:
      - Cache org.springframework.boot.autoconfigure.cache.GenericCacheConfiguration automatic cache type (CacheCondition)

   HibernateJpaAutoConfiguration matched:
      - @ConditionalOnClass found required classes 'org.springframework.orm.jpa.LocalContainerEntityManagerFactoryBean', 'jakarta.persistence.EntityManager', 'org.hibernate.engine.spi.SessionImplementor' (OnClassCondition)

   HibernateJpaConfiguration matched:
      - @ConditionalOnSingleCandidate (types: javax.sql.DataSource; SearchStrategy: all) found a single bean 'dataSource' (OnBeanCondition)

   HttpEncodingAutoConfiguration matched:
      - @ConditionalOnClass found required class 'org.springframework.web.filter.CharacterEncodingFilter' (OnClassCondition)
      - found 'session' scope (OnWebApplicationCondition)
      - @ConditionalOnProperty (server.servlet.encoding.enabled) matched (OnPropertyCondition)

   HttpEncodingAutoConfiguration#characterEncodingFilter matched:
      - @ConditionalOnMissingBean (types: org.springframework.web.filter.CharacterEncodingFilter; SearchStrategy: all) did not find any beans (OnBeanCondition)

   HttpMessageConvertersAutoConfiguration matched:
      - @ConditionalOnClass found required class 'org.springframework.http.converter.HttpMessageConverter' (OnClassCondition)
      - NoneNestedConditions 0 matched 1 did not; NestedCondition on HttpMessageConvertersAutoConfiguration.NotReactiveWebApplicationCondition.ReactiveWebApplication did not find reactive web application classes (HttpMessageConvertersAutoConfiguration.NotReactiveWebApplicationCondition)

   HttpMessageConvertersAutoConfiguration#messageConverters matched:
      - @ConditionalOnMissingBean (types: org.springframework.boot.autoconfigure.http.HttpMessageConverters; SearchStrategy: all) did not find any beans (OnBeanCondition)

   HttpMessageConvertersAutoConfiguration.StringHttpMessageConverterConfiguration matched:
      - @ConditionalOnClass found required class 'org.springframework.http.converter.StringHttpMessageConverter' (OnClassCondition)

   HttpMessageConvertersAutoConfiguration.StringHttpMessageConverterConfiguration#stringHttpMessageConverter matched:
      - @ConditionalOnMissingBean (types: org.springframework.http.converter.StringHttpMessageConverter; SearchStrategy: all) did not find any beans (OnBeanCondition)

   JacksonAutoConfiguration matched:
      - @ConditionalOnClass found required class 'com.fasterxml.jackson.databind.ObjectMapper' (OnClassCondition)

   JacksonAutoConfiguration.Jackson2ObjectMapperBuilderCustomizerConfiguration matched:
      - @ConditionalOnClass found required class 'org.springframework.http.converter.json.Jackson2ObjectMapperBuilder' (OnClassCondition)

   JacksonAutoConfiguration.JacksonObjectMapperBuilderConfiguration matched:
      - @ConditionalOnClass found required class 'org.springframework.http.converter.json.Jackson2ObjectMapperBuilder' (OnClassCondition)

   JacksonAutoConfiguration.JacksonObjectMapperBuilderConfiguration#jacksonObjectMapperBuilder matched:
      - @ConditionalOnMissingBean (types: org.springframework.http.converter.json.Jackson2ObjectMapperBuilder; SearchStrategy: all) did not find any beans (OnBeanCondition)

   JacksonAutoConfiguration.JacksonObjectMapperConfiguration matched:
      - @ConditionalOnClass found required class 'org.springframework.http.converter.json.Jackson2ObjectMapperBuilder' (OnClassCondition)

   JacksonAutoConfiguration.JacksonObjectMapperConfiguration#jacksonObjectMapper matched:
      - @ConditionalOnMissingBean (types: com.fasterxml.jackson.databind.ObjectMapper; SearchStrategy: all) did not find any beans (OnBeanCondition)

   JacksonAutoConfiguration.ParameterNamesModuleConfiguration matched:
      - @ConditionalOnClass found required class 'com.fasterxml.jackson.module.paramnames.ParameterNamesModule' (OnClassCondition)

   JacksonAutoConfiguration.ParameterNamesModuleConfiguration#parameterNamesModule matched:
      - @ConditionalOnMissingBean (types: com.fasterxml.jackson.module.paramnames.ParameterNamesModule; SearchStrategy: all) did not find any beans (OnBeanCondition)

   JacksonHttpMessageConvertersConfiguration.MappingJackson2HttpMessageConverterConfiguration matched:
      - @ConditionalOnClass found required class 'com.fasterxml.jackson.databind.ObjectMapper' (OnClassCondition)
      - @ConditionalOnProperty (spring.mvc.converters.preferred-json-mapper=jackson) matched (OnPropertyCondition)
      - @ConditionalOnBean (types: com.fasterxml.jackson.databind.ObjectMapper; SearchStrategy: all) found bean 'jacksonObjectMapper' (OnBeanCondition)

   JacksonHttpMessageConvertersConfiguration.MappingJackson2HttpMessageConverterConfiguration#mappingJackson2HttpMessageConverter matched:
      - @ConditionalOnMissingBean (types: org.springframework.http.converter.json.MappingJackson2HttpMessageConverter ignored: org.springframework.hateoas.server.mvc.TypeConstrainedMappingJackson2HttpMessageConverter,org.springframework.data.rest.webmvc.alps.AlpsJsonHttpMessageConverter; SearchStrategy: all) did not find any beans (OnBeanCondition)

   JdbcClientAutoConfiguration matched:
      - @ConditionalOnSingleCandidate (types: org.springframework.jdbc.core.namedparam.NamedParameterJdbcTemplate; SearchStrategy: all) found a single bean 'namedParameterJdbcTemplate'; @ConditionalOnMissingBean (types: org.springframework.jdbc.core.simple.JdbcClient; SearchStrategy: all) did not find any beans (OnBeanCondition)

   JdbcTemplateAutoConfiguration matched:
      - @ConditionalOnClass found required classes 'javax.sql.DataSource', 'org.springframework.jdbc.core.JdbcTemplate' (OnClassCondition)
      - @ConditionalOnSingleCandidate (types: javax.sql.DataSource; SearchStrategy: all) found a single bean 'dataSource' (OnBeanCondition)

   JdbcTemplateConfiguration matched:
      - @ConditionalOnMissingBean (types: org.springframework.jdbc.core.JdbcOperations; SearchStrategy: all) did not find any beans (OnBeanCondition)

   JpaBaseConfiguration#entityManagerFactory matched:
      - @ConditionalOnMissingBean (types: org.springframework.orm.jpa.LocalContainerEntityManagerFactoryBean,jakarta.persistence.EntityManagerFactory; SearchStrategy: all) did not find any beans (OnBeanCondition)

   JpaBaseConfiguration#entityManagerFactoryBuilder matched:
      - @ConditionalOnMissingBean (types: org.springframework.boot.orm.jpa.EntityManagerFactoryBuilder; SearchStrategy: all) did not find any beans (OnBeanCondition)

   JpaBaseConfiguration#jpaVendorAdapter matched:
      - @ConditionalOnMissingBean (types: org.springframework.orm.jpa.JpaVendorAdapter; SearchStrategy: all) did not find any beans (OnBeanCondition)

   JpaBaseConfiguration#transactionManager matched:
      - @ConditionalOnMissingBean (types: org.springframework.transaction.TransactionManager; SearchStrategy: all) did not find any beans (OnBeanCondition)

   JpaBaseConfiguration.PersistenceManagedTypesConfiguration matched:
      - @ConditionalOnMissingBean (types: org.springframework.orm.jpa.LocalContainerEntityManagerFactoryBean,jakarta.persistence.EntityManagerFactory; SearchStrategy: all) did not find any beans (OnBeanCondition)

   JpaBaseConfiguration.PersistenceManagedTypesConfiguration#persistenceManagedTypes matched:
      - @ConditionalOnMissingBean (types: org.springframework.orm.jpa.persistenceunit.PersistenceManagedTypes; SearchStrategy: all) did not find any beans (OnBeanCondition)

   JpaRepositoriesAutoConfiguration matched:
      - @ConditionalOnClass found required class 'org.springframework.data.jpa.repository.JpaRepository' (OnClassCondition)
      - @ConditionalOnProperty (spring.data.jpa.repositories.enabled=true) matched (OnPropertyCondition)
      - @ConditionalOnBean (types: javax.sql.DataSource; SearchStrategy: all) found bean 'dataSource'; @ConditionalOnMissingBean (types: org.springframework.data.jpa.repository.support.JpaRepositoryFactoryBean,org.springframework.data.jpa.repository.config.JpaRepositoryConfigExtension; SearchStrategy: all) did not find any beans (OnBeanCondition)

   JtaAutoConfiguration matched:
      - @ConditionalOnClass found required class 'jakarta.transaction.Transaction' (OnClassCondition)
      - @ConditionalOnProperty (spring.jta.enabled) matched (OnPropertyCondition)

   LifecycleAutoConfiguration#defaultLifecycleProcessor matched:
      - @ConditionalOnMissingBean (names: lifecycleProcessor; SearchStrategy: current) did not find any beans (OnBeanCondition)

   MultipartAutoConfiguration matched:
      - @ConditionalOnClass found required classes 'jakarta.servlet.Servlet', 'org.springframework.web.multipart.support.StandardServletMultipartResolver', 'jakarta.servlet.MultipartConfigElement' (OnClassCondition)
      - found 'session' scope (OnWebApplicationCondition)
      - @ConditionalOnProperty (spring.servlet.multipart.enabled) matched (OnPropertyCondition)

   MultipartAutoConfiguration#multipartConfigElement matched:
      - @ConditionalOnMissingBean (types: jakarta.servlet.MultipartConfigElement; SearchStrategy: all) did not find any beans (OnBeanCondition)

   MultipartAutoConfiguration#multipartResolver matched:
      - @ConditionalOnMissingBean (types: org.springframework.web.multipart.MultipartResolver; SearchStrategy: all) did not find any beans (OnBeanCondition)

   NamedParameterJdbcTemplateConfiguration matched:
      - @ConditionalOnSingleCandidate (types: org.springframework.jdbc.core.JdbcTemplate; SearchStrategy: all) found a single bean 'jdbcTemplate'; @ConditionalOnMissingBean (types: org.springframework.jdbc.core.namedparam.NamedParameterJdbcOperations; SearchStrategy: all) did not find any beans (OnBeanCondition)

   NoOpCacheConfiguration matched:
      - Cache org.springframework.boot.autoconfigure.cache.NoOpCacheConfiguration automatic cache type (CacheCondition)

   PersistenceExceptionTranslationAutoConfiguration matched:
      - @ConditionalOnClass found required class 'org.springframework.dao.annotation.PersistenceExceptionTranslationPostProcessor' (OnClassCondition)

   PersistenceExceptionTranslationAutoConfiguration#persistenceExceptionTranslationPostProcessor matched:
      - @ConditionalOnProperty (spring.dao.exceptiontranslation.enabled) matched (OnPropertyCondition)
      - @ConditionalOnMissingBean (types: org.springframework.dao.annotation.PersistenceExceptionTranslationPostProcessor; SearchStrategy: all) did not find any beans (OnBeanCondition)

   PropertyPlaceholderAutoConfiguration#propertySourcesPlaceholderConfigurer matched:
      - @ConditionalOnMissingBean (types: org.springframework.context.support.PropertySourcesPlaceholderConfigurer; SearchStrategy: current) did not find any beans (OnBeanCondition)

   RestClientAutoConfiguration matched:
      - @ConditionalOnClass found required class 'org.springframework.web.client.RestClient' (OnClassCondition)
      - NoneNestedConditions 0 matched 1 did not; NestedCondition on NotReactiveWebApplicationCondition.ReactiveWebApplication did not find reactive web application classes (NotReactiveWebApplicationCondition)

   RestClientAutoConfiguration#httpMessageConvertersRestClientCustomizer matched:
      - @ConditionalOnMissingBean (types: org.springframework.boot.autoconfigure.web.client.HttpMessageConvertersRestClientCustomizer; SearchStrategy: all) did not find any beans (OnBeanCondition)

   RestClientAutoConfiguration#restClientBuilder matched:
      - @ConditionalOnMissingBean (types: org.springframework.web.client.RestClient$Builder; SearchStrategy: all) did not find any beans (OnBeanCondition)

   RestClientAutoConfiguration#restClientBuilderConfigurer matched:
      - @ConditionalOnMissingBean (types: org.springframework.boot.autoconfigure.web.client.RestClientBuilderConfigurer; SearchStrategy: all) did not find any beans (OnBeanCondition)

   RestClientAutoConfiguration#restClientSsl matched:
      - @ConditionalOnBean (types: org.springframework.boot.ssl.SslBundles; SearchStrategy: all) found bean 'sslBundleRegistry'; @ConditionalOnMissingBean (types: org.springframework.boot.autoconfigure.web.client.RestClientSsl; SearchStrategy: all) did not find any beans (OnBeanCondition)

   RestTemplateAutoConfiguration matched:
      - @ConditionalOnClass found required class 'org.springframework.web.client.RestTemplate' (OnClassCondition)
      - NoneNestedConditions 0 matched 1 did not; NestedCondition on NotReactiveWebApplicationCondition.ReactiveWebApplication did not find reactive web application classes (NotReactiveWebApplicationCondition)

   RestTemplateAutoConfiguration#restTemplateBuilder matched:
      - @ConditionalOnMissingBean (types: org.springframework.boot.web.client.RestTemplateBuilder; SearchStrategy: all) did not find any beans (OnBeanCondition)

   SecurityAutoConfiguration matched:
      - @ConditionalOnClass found required class 'org.springframework.security.authentication.DefaultAuthenticationEventPublisher' (OnClassCondition)

   SecurityAutoConfiguration#authenticationEventPublisher matched:
      - @ConditionalOnMissingBean (types: org.springframework.security.authentication.AuthenticationEventPublisher; SearchStrategy: all) did not find any beans (OnBeanCondition)

   SecurityFilterAutoConfiguration matched:
      - @ConditionalOnClass found required classes 'org.springframework.security.web.context.AbstractSecurityWebApplicationInitializer', 'org.springframework.security.config.http.SessionCreationPolicy' (OnClassCondition)
      - found 'session' scope (OnWebApplicationCondition)

   SecurityFilterAutoConfiguration#securityFilterChainRegistration matched:
      - @ConditionalOnBean (names: springSecurityFilterChain; SearchStrategy: all) found bean 'springSecurityFilterChain' (OnBeanCondition)

   ServletWebServerFactoryAutoConfiguration matched:
      - @ConditionalOnClass found required class 'jakarta.servlet.ServletRequest' (OnClassCondition)
      - found 'session' scope (OnWebApplicationCondition)

   ServletWebServerFactoryAutoConfiguration#tomcatServletWebServerFactoryCustomizer matched:
      - @ConditionalOnClass found required class 'org.apache.catalina.startup.Tomcat' (OnClassCondition)

   ServletWebServerFactoryConfiguration.EmbeddedTomcat matched:
      - @ConditionalOnClass found required classes 'jakarta.servlet.Servlet', 'org.apache.catalina.startup.Tomcat', 'org.apache.coyote.UpgradeProtocol' (OnClassCondition)
      - @ConditionalOnMissingBean (types: org.springframework.boot.web.servlet.server.ServletWebServerFactory; SearchStrategy: current) did not find any beans (OnBeanCondition)

   SimpleCacheConfiguration matched:
      - Cache org.springframework.boot.autoconfigure.cache.SimpleCacheConfiguration automatic cache type (CacheCondition)

   SpringBootWebSecurityConfiguration matched:
      - found 'session' scope (OnWebApplicationCondition)

   SpringDataWebAutoConfiguration matched:
      - @ConditionalOnClass found required classes 'org.springframework.data.web.PageableHandlerMethodArgumentResolver', 'org.springframework.web.servlet.config.annotation.WebMvcConfigurer' (OnClassCondition)
      - found 'session' scope (OnWebApplicationCondition)
      - @ConditionalOnMissingBean (types: org.springframework.data.web.PageableHandlerMethodArgumentResolver; SearchStrategy: all) did not find any beans (OnBeanCondition)

   SpringDataWebAutoConfiguration#pageableCustomizer matched:
      - @ConditionalOnMissingBean (types: org.springframework.data.web.config.PageableHandlerMethodArgumentResolverCustomizer; SearchStrategy: all) did not find any beans (OnBeanCondition)

   SpringDataWebAutoConfiguration#sortCustomizer matched:
      - @ConditionalOnMissingBean (types: org.springframework.data.web.config.SortHandlerMethodArgumentResolverCustomizer; SearchStrategy: all) did not find any beans (OnBeanCondition)

   SpringDocConfigProperties matched:
      - @ConditionalOnProperty (springdoc.api-docs.enabled) matched (OnPropertyCondition)
      - @ConditionalOnBean (types: org.springdoc.core.configuration.SpringDocConfiguration; SearchStrategy: all) found bean 'org.springdoc.core.configuration.SpringDocConfiguration' (OnBeanCondition)

   SpringDocConfiguration matched:
      - @ConditionalOnWebApplication (required) found 'session' scope (OnWebApplicationCondition)
      - @ConditionalOnProperty (springdoc.api-docs.enabled) matched (OnPropertyCondition)

   SpringDocConfiguration#fileSupportConverter matched:
      - @ConditionalOnMissingBean (types: org.springdoc.core.converters.FileSupportConverter; SearchStrategy: all) did not find any beans (OnBeanCondition)

   SpringDocConfiguration#openAPIBuilder matched:
      - @ConditionalOnMissingBean (types: org.springdoc.core.service.OpenAPIService; SearchStrategy: all) did not find any beans (OnBeanCondition)

   SpringDocConfiguration#operationBuilder matched:
      - @ConditionalOnMissingBean (types: org.springdoc.core.service.OperationService; SearchStrategy: all) did not find any beans (OnBeanCondition)

   SpringDocConfiguration#parameterBuilder matched:
      - @ConditionalOnMissingBean (types: org.springdoc.core.service.GenericParameterService; SearchStrategy: all) did not find any beans (OnBeanCondition)

   SpringDocConfiguration#polymorphicModelConverter matched:
      - @ConditionalOnProperty (springdoc.model-converters.polymorphic-converter.enabled) matched (OnPropertyCondition)
      - @ConditionalOnMissingBean (types: org.springdoc.core.converters.PolymorphicModelConverter; SearchStrategy: all) did not find any beans (OnBeanCondition)

   SpringDocConfiguration#requestBodyBuilder matched:
      - @ConditionalOnMissingBean (types: org.springdoc.core.service.RequestBodyService; SearchStrategy: all) did not find any beans (OnBeanCondition)

   SpringDocConfiguration#responseSupportConverter matched:
      - @ConditionalOnMissingBean (types: org.springdoc.core.converters.ResponseSupportConverter; SearchStrategy: all) did not find any beans (OnBeanCondition)

   SpringDocConfiguration#schemaPropertyDeprecatingConverter matched:
      - @ConditionalOnProperty (springdoc.model-converters.deprecating-converter.enabled) matched (OnPropertyCondition)
      - @ConditionalOnMissingBean (types: org.springdoc.core.converters.SchemaPropertyDeprecatingConverter; SearchStrategy: all) did not find any beans (OnBeanCondition)

   SpringDocConfiguration#securityParser matched:
      - @ConditionalOnMissingBean (types: org.springdoc.core.service.SecurityService; SearchStrategy: all) did not find any beans (OnBeanCondition)

   SpringDocConfiguration#springDocCustomizers matched:
      - @ConditionalOnMissingBean (types: org.springdoc.core.customizers.SpringDocCustomizers; SearchStrategy: all) did not find any beans (OnBeanCondition)

   SpringDocConfiguration#springDocProviders matched:
      - @ConditionalOnMissingBean (types: org.springdoc.core.providers.SpringDocProviders; SearchStrategy: all) did not find any beans (OnBeanCondition)

   SpringDocConfiguration#springdocObjectMapperProvider matched:
      - @ConditionalOnMissingBean (types: org.springdoc.core.providers.ObjectMapperProvider; SearchStrategy: all) did not find any beans (OnBeanCondition)

   SpringDocConfiguration.QuerydslProvider matched:
      - @ConditionalOnClass found required class 'org.springframework.data.querydsl.binding.QuerydslBindingsFactory' (OnClassCondition)

   SpringDocConfiguration.QuerydslProvider#queryDslQuerydslPredicateOperationCustomizer matched:
      - @ConditionalOnMissingBean (types: org.springdoc.core.customizers.QuerydslPredicateOperationCustomizer; SearchStrategy: all) did not find any beans (OnBeanCondition)

   SpringDocConfiguration.SpringDocSpringDataWebPropertiesProvider matched:
      - @ConditionalOnClass found required class 'org.springframework.boot.autoconfigure.data.web.SpringDataWebProperties' (OnClassCondition)

   SpringDocConfiguration.SpringDocSpringDataWebPropertiesProvider#springDataWebPropertiesProvider matched:
      - @ConditionalOnMissingBean (types: org.springdoc.core.providers.SpringDataWebPropertiesProvider; SearchStrategy: all) did not find any beans (OnBeanCondition)

   SpringDocConfiguration.WebConversionServiceConfiguration matched:
      - @ConditionalOnClass found required class 'org.springframework.boot.autoconfigure.web.format.WebConversionService' (OnClassCondition)

   SpringDocPageableConfiguration matched:
      - @ConditionalOnClass found required class 'org.springframework.data.domain.Pageable' (OnClassCondition)
      - @ConditionalOnWebApplication (required) found 'session' scope (OnWebApplicationCondition)
      - @ConditionalOnProperty (springdoc.api-docs.enabled) matched (OnPropertyCondition)
      - @ConditionalOnBean (types: org.springdoc.core.configuration.SpringDocConfiguration; SearchStrategy: all) found bean 'org.springdoc.core.configuration.SpringDocConfiguration' (OnBeanCondition)

   SpringDocPageableConfiguration#delegatingMethodParameterCustomizer matched:
      - @ConditionalOnMissingBean (types: org.springdoc.core.customizers.DelegatingMethodParameterCustomizer; SearchStrategy: all) did not find any beans (OnBeanCondition)

   SpringDocPageableConfiguration#pageableOpenAPIConverter matched:
      - @ConditionalOnProperty (springdoc.model-converters.pageable-converter.enabled) matched (OnPropertyCondition)
      - @ConditionalOnMissingBean (types: org.springdoc.core.converters.PageableOpenAPIConverter; SearchStrategy: all) did not find any beans (OnBeanCondition)

   SpringDocSecurityConfiguration matched:
      - @ConditionalOnClass found required class 'org.springframework.security.web.SecurityFilterChain' (OnClassCondition)
      - @ConditionalOnWebApplication (required) found 'session' scope (OnWebApplicationCondition)
      - @ConditionalOnExpression (#{${springdoc.api-docs.enabled:true} and ${springdoc.enable-spring-security:true}}) resulted in true (OnExpressionCondition)
      - @ConditionalOnBean (types: org.springdoc.core.configuration.SpringDocConfiguration; SearchStrategy: all) found bean 'org.springdoc.core.configuration.SpringDocConfiguration' (OnBeanCondition)

   SpringDocSecurityConfiguration.SpringSecurityLoginEndpointConfiguration matched:
      - @ConditionalOnClass found required class 'jakarta.servlet.Filter' (OnClassCondition)

   SpringDocSortConfiguration matched:
      - @ConditionalOnClass found required class 'org.springframework.data.domain.Sort' (OnClassCondition)
      - @ConditionalOnWebApplication (required) found 'session' scope (OnWebApplicationCondition)
      - @ConditionalOnProperty (springdoc.api-docs.enabled) matched (OnPropertyCondition)
      - @ConditionalOnBean (types: org.springdoc.core.configuration.SpringDocConfiguration; SearchStrategy: all) found bean 'org.springdoc.core.configuration.SpringDocConfiguration' (OnBeanCondition)

   SpringDocSortConfiguration#sortOpenAPIConverter matched:
      - @ConditionalOnProperty (springdoc.sort-converter.enabled) matched (OnPropertyCondition)
      - @ConditionalOnMissingBean (types: org.springdoc.core.converters.SortOpenAPIConverter; SearchStrategy: all) did not find any beans (OnBeanCondition)

   SpringDocUIConfiguration matched:
      - @ConditionalOnWebApplication (required) found 'session' scope (OnWebApplicationCondition)
      - @ConditionalOnBean (types: org.springdoc.core.configuration.SpringDocConfiguration; SearchStrategy: all) found bean 'org.springdoc.core.configuration.SpringDocConfiguration' (OnBeanCondition)

   SpringDocWebMvcConfiguration matched:
      - found 'session' scope (OnWebApplicationCondition)
      - @ConditionalOnProperty (springdoc.api-docs.enabled) matched (OnPropertyCondition)
      - @ConditionalOnBean (types: org.springdoc.core.configuration.SpringDocConfiguration; SearchStrategy: all) found bean 'org.springdoc.core.configuration.SpringDocConfiguration' (OnBeanCondition)

   SpringDocWebMvcConfiguration#openApiResource matched:
      - @ConditionalOnExpression (#{(${springdoc.use-management-port:false} == false ) and ${springdoc.enable-default-api-docs:true}}) resulted in true (OnExpressionCondition)
      - @ConditionalOnMissingBean (types: org.springdoc.webmvc.api.OpenApiWebMvcResource; SearchStrategy: all) did not find any beans (OnBeanCondition)

   SpringDocWebMvcConfiguration#requestBuilder matched:
      - @ConditionalOnMissingBean (types: org.springdoc.webmvc.core.service.RequestService; SearchStrategy: all) did not find any beans (OnBeanCondition)

   SpringDocWebMvcConfiguration#responseBuilder matched:
      - @ConditionalOnMissingBean (types: org.springdoc.core.service.GenericResponseService; SearchStrategy: all) did not find any beans (OnBeanCondition)

   SpringDocWebMvcConfiguration#springWebProvider matched:
      - @ConditionalOnMissingBean (types: org.springdoc.core.providers.SpringWebProvider; SearchStrategy: all) did not find any beans (OnBeanCondition)

   SpringDocWebMvcConfiguration.SpringDocWebMvcRouterConfiguration matched:
      - @ConditionalOnClass found required class 'org.springframework.web.servlet.function.RouterFunction' (OnClassCondition)

   SpringDocWebMvcConfiguration.SpringDocWebMvcRouterConfiguration#routerFunctionProvider matched:
      - @ConditionalOnMissingBean (types: org.springdoc.webmvc.core.providers.RouterFunctionWebMvcProvider; SearchStrategy: all) did not find any beans (OnBeanCondition)

   SqlInitializationAutoConfiguration matched:
      - @ConditionalOnProperty (spring.sql.init.enabled) matched (OnPropertyCondition)
      - NoneNestedConditions 0 matched 1 did not; NestedCondition on SqlInitializationAutoConfiguration.SqlInitializationModeCondition.ModeIsNever @ConditionalOnProperty (spring.sql.init.mode=never) did not find property 'mode' (SqlInitializationAutoConfiguration.SqlInitializationModeCondition)

   SslAutoConfiguration#sslBundleRegistry matched:
      - @ConditionalOnMissingBean (types: org.springframework.boot.ssl.SslBundleRegistry,org.springframework.boot.ssl.SslBundles; SearchStrategy: all) did not find any beans (OnBeanCondition)

   SwaggerConfig matched:
      - found 'session' scope (OnWebApplicationCondition)
      - @ConditionalOnProperty (springdoc.swagger-ui.enabled) matched (OnPropertyCondition)
      - @ConditionalOnBean (types: org.springdoc.core.configuration.SpringDocConfiguration; SearchStrategy: all) found bean 'org.springdoc.core.configuration.SpringDocConfiguration' (OnBeanCondition)

   SwaggerConfig#indexPageTransformer matched:
      - @ConditionalOnMissingBean (types: org.springdoc.webmvc.ui.SwaggerIndexTransformer; SearchStrategy: all) did not find any beans (OnBeanCondition)

   SwaggerConfig#swaggerConfigResource matched:
      - @ConditionalOnProperty (springdoc.use-management-port=false) matched (OnPropertyCondition)
      - @ConditionalOnMissingBean (types: org.springdoc.webmvc.ui.SwaggerConfigResource; SearchStrategy: all) did not find any beans (OnBeanCondition)

   SwaggerConfig#swaggerResourceResolver matched:
      - @ConditionalOnMissingBean (types: org.springdoc.webmvc.ui.SwaggerResourceResolver; SearchStrategy: all) did not find any beans (OnBeanCondition)

   SwaggerConfig#swaggerWebMvcConfigurer matched:
      - @ConditionalOnMissingBean (types: org.springdoc.webmvc.ui.SwaggerWebMvcConfigurer; SearchStrategy: all) did not find any beans (OnBeanCondition)

   SwaggerConfig#swaggerWelcome matched:
      - @ConditionalOnProperty (springdoc.use-management-port=false) matched (OnPropertyCondition)
      - @ConditionalOnMissingBean (types: org.springdoc.webmvc.ui.SwaggerWelcomeWebMvc; SearchStrategy: all) did not find any beans (OnBeanCondition)

   SwaggerUiConfigParameters matched:
      - @ConditionalOnProperty (springdoc.swagger-ui.enabled) matched (OnPropertyCondition)
      - @ConditionalOnBean (types: org.springdoc.core.configuration.SpringDocConfiguration; SearchStrategy: all) found bean 'org.springdoc.core.configuration.SpringDocConfiguration' (OnBeanCondition)

   SwaggerUiConfigProperties matched:
      - @ConditionalOnProperty (springdoc.swagger-ui.enabled) matched (OnPropertyCondition)
      - @ConditionalOnBean (types: org.springdoc.core.configuration.SpringDocConfiguration; SearchStrategy: all) found bean 'org.springdoc.core.configuration.SpringDocConfiguration' (OnBeanCondition)

   SwaggerUiOAuthProperties matched:
      - @ConditionalOnProperty (springdoc.swagger-ui.enabled) matched (OnPropertyCondition)
      - @ConditionalOnBean (types: org.springdoc.core.configuration.SpringDocConfiguration; SearchStrategy: all) found bean 'org.springdoc.core.configuration.SpringDocConfiguration' (OnBeanCondition)

   TaskExecutionAutoConfiguration matched:
      - @ConditionalOnClass found required class 'org.springframework.scheduling.concurrent.ThreadPoolTaskExecutor' (OnClassCondition)

   TaskExecutorConfigurations.SimpleAsyncTaskExecutorBuilderConfiguration#simpleAsyncTaskExecutorBuilder matched:
      - @ConditionalOnMissingBean (types: org.springframework.boot.task.SimpleAsyncTaskExecutorBuilder; SearchStrategy: all) did not find any beans (OnBeanCondition)
      - @ConditionalOnThreading found PLATFORM (OnThreadingCondition)

   TaskExecutorConfigurations.TaskExecutorBuilderConfiguration#taskExecutorBuilder matched:
      - @ConditionalOnMissingBean (types: org.springframework.boot.task.TaskExecutorBuilder; SearchStrategy: all) did not find any beans (OnBeanCondition)

   TaskExecutorConfigurations.TaskExecutorConfiguration matched:
      - @ConditionalOnMissingBean (types: java.util.concurrent.Executor; SearchStrategy: all) did not find any beans (OnBeanCondition)

   TaskExecutorConfigurations.TaskExecutorConfiguration#applicationTaskExecutor matched:
      - @ConditionalOnThreading found PLATFORM (OnThreadingCondition)

   TaskExecutorConfigurations.ThreadPoolTaskExecutorBuilderConfiguration#threadPoolTaskExecutorBuilder matched:
      - @ConditionalOnMissingBean (types: org.springframework.boot.task.TaskExecutorBuilder,org.springframework.boot.task.ThreadPoolTaskExecutorBuilder; SearchStrategy: all) did not find any beans (OnBeanCondition)

   TaskSchedulingAutoConfiguration matched:
      - @ConditionalOnClass found required class 'org.springframework.scheduling.concurrent.ThreadPoolTaskScheduler' (OnClassCondition)

   TaskSchedulingConfigurations.SimpleAsyncTaskSchedulerBuilderConfiguration#simpleAsyncTaskSchedulerBuilder matched:
      - @ConditionalOnMissingBean (types: org.springframework.boot.task.SimpleAsyncTaskSchedulerBuilder; SearchStrategy: all) did not find any beans (OnBeanCondition)
      - @ConditionalOnThreading found PLATFORM (OnThreadingCondition)

   TaskSchedulingConfigurations.TaskSchedulerBuilderConfiguration#taskSchedulerBuilder matched:
      - @ConditionalOnMissingBean (types: org.springframework.boot.task.TaskSchedulerBuilder; SearchStrategy: all) did not find any beans (OnBeanCondition)

   TaskSchedulingConfigurations.ThreadPoolTaskSchedulerBuilderConfiguration#threadPoolTaskSchedulerBuilder matched:
      - @ConditionalOnMissingBean (types: org.springframework.boot.task.TaskSchedulerBuilder,org.springframework.boot.task.ThreadPoolTaskSchedulerBuilder; SearchStrategy: all) did not find any beans (OnBeanCondition)

   TransactionAutoConfiguration matched:
      - @ConditionalOnClass found required class 'org.springframework.transaction.PlatformTransactionManager' (OnClassCondition)

   TransactionAutoConfiguration.EnableTransactionManagementConfiguration matched:
      - @ConditionalOnBean (types: org.springframework.transaction.TransactionManager; SearchStrategy: all) found bean 'transactionManager'; @ConditionalOnMissingBean (types: org.springframework.transaction.annotation.AbstractTransactionManagementConfiguration; SearchStrategy: all) did not find any beans (OnBeanCondition)

   TransactionAutoConfiguration.EnableTransactionManagementConfiguration.CglibAutoProxyConfiguration matched:
      - @ConditionalOnProperty (spring.aop.proxy-target-class=true) matched (OnPropertyCondition)

   TransactionAutoConfiguration.TransactionTemplateConfiguration matched:
      - @ConditionalOnSingleCandidate (types: org.springframework.transaction.PlatformTransactionManager; SearchStrategy: all) found a single bean 'transactionManager' (OnBeanCondition)

   TransactionAutoConfiguration.TransactionTemplateConfiguration#transactionTemplate matched:
      - @ConditionalOnMissingBean (types: org.springframework.transaction.support.TransactionOperations; SearchStrategy: all) did not find any beans (OnBeanCondition)

   TransactionManagerCustomizationAutoConfiguration matched:
      - @ConditionalOnClass found required class 'org.springframework.transaction.PlatformTransactionManager' (OnClassCondition)

   TransactionManagerCustomizationAutoConfiguration#platformTransactionManagerCustomizers matched:
      - @ConditionalOnMissingBean (types: org.springframework.boot.autoconfigure.transaction.TransactionManagerCustomizers; SearchStrategy: all) did not find any beans (OnBeanCondition)

   UserDetailsServiceAutoConfiguration matched:
      - @ConditionalOnClass found required class 'org.springframework.security.authentication.AuthenticationManager' (OnClassCondition)
      - AnyNestedCondition 1 matched 2 did not; NestedCondition on UserDetailsServiceAutoConfiguration.MissingAlternativeOrUserPropertiesConfigured.PasswordConfigured @ConditionalOnProperty (spring.security.user.password) did not find property 'password'; NestedCondition on UserDetailsServiceAutoConfiguration.MissingAlternativeOrUserPropertiesConfigured.NameConfigured @ConditionalOnProperty (spring.security.user.name) did not find property 'name'; NestedCondition on UserDetailsServiceAutoConfiguration.MissingAlternativeOrUserPropertiesConfigured.MissingAlternative @ConditionalOnMissingClass did not find unwanted classes 'org.springframework.security.oauth2.client.registration.ClientRegistrationRepository', 'org.springframework.security.oauth2.server.resource.introspection.OpaqueTokenIntrospector', 'org.springframework.security.saml2.provider.service.registration.RelyingPartyRegistrationRepository' (UserDetailsServiceAutoConfiguration.MissingAlternativeOrUserPropertiesConfigured)
      - @ConditionalOnBean (types: org.springframework.security.config.annotation.ObjectPostProcessor; SearchStrategy: all) found bean 'objectPostProcessor'; @ConditionalOnMissingBean (types: org.springframework.security.authentication.AuthenticationManager,org.springframework.security.authentication.AuthenticationProvider,org.springframework.security.core.userdetails.UserDetailsService,org.springframework.security.authentication.AuthenticationManagerResolver,org.springframework.security.oauth2.jwt.JwtDecoder; SearchStrategy: all) did not find any beans (OnBeanCondition)

   ValidationAutoConfiguration matched:
      - @ConditionalOnClass found required class 'jakarta.validation.executable.ExecutableValidator' (OnClassCondition)
      - @ConditionalOnResource found location classpath:META-INF/services/jakarta.validation.spi.ValidationProvider (OnResourceCondition)

   ValidationAutoConfiguration#defaultValidator matched:
      - @ConditionalOnMissingBean (types: jakarta.validation.Validator; SearchStrategy: all) did not find any beans (OnBeanCondition)

   ValidationAutoConfiguration#methodValidationPostProcessor matched:
      - @ConditionalOnMissingBean (types: org.springframework.validation.beanvalidation.MethodValidationPostProcessor; SearchStrategy: current) did not find any beans (OnBeanCondition)

   WebMvcAutoConfiguration matched:
      - @ConditionalOnClass found required classes 'jakarta.servlet.Servlet', 'org.springframework.web.servlet.DispatcherServlet', 'org.springframework.web.servlet.config.annotation.WebMvcConfigurer' (OnClassCondition)
      - found 'session' scope (OnWebApplicationCondition)
      - @ConditionalOnMissingBean (types: org.springframework.web.servlet.config.annotation.WebMvcConfigurationSupport; SearchStrategy: all) did not find any beans (OnBeanCondition)

   WebMvcAutoConfiguration#formContentFilter matched:
      - @ConditionalOnProperty (spring.mvc.formcontent.filter.enabled) matched (OnPropertyCondition)
      - @ConditionalOnMissingBean (types: org.springframework.web.filter.FormContentFilter; SearchStrategy: all) did not find any beans (OnBeanCondition)

   WebMvcAutoConfiguration.EnableWebMvcConfiguration#flashMapManager matched:
      - @ConditionalOnMissingBean (names: flashMapManager; SearchStrategy: all) did not find any beans (OnBeanCondition)

   WebMvcAutoConfiguration.EnableWebMvcConfiguration#localeResolver matched:
      - @ConditionalOnMissingBean (names: localeResolver; SearchStrategy: all) did not find any beans (OnBeanCondition)

   WebMvcAutoConfiguration.EnableWebMvcConfiguration#themeResolver matched:
      - @ConditionalOnMissingBean (names: themeResolver; SearchStrategy: all) did not find any beans (OnBeanCondition)

   WebMvcAutoConfiguration.WebMvcAutoConfigurationAdapter#defaultViewResolver matched:
      - @ConditionalOnMissingBean (types: org.springframework.web.servlet.view.InternalResourceViewResolver; SearchStrategy: all) did not find any beans (OnBeanCondition)

   WebMvcAutoConfiguration.WebMvcAutoConfigurationAdapter#requestContextFilter matched:
      - @ConditionalOnMissingBean (types: org.springframework.web.context.request.RequestContextListener,org.springframework.web.filter.RequestContextFilter; SearchStrategy: all) did not find any beans (OnBeanCondition)

   WebMvcAutoConfiguration.WebMvcAutoConfigurationAdapter#viewResolver matched:
      - @ConditionalOnBean (types: org.springframework.web.servlet.ViewResolver; SearchStrategy: all) found beans 'defaultViewResolver', 'beanNameViewResolver', 'mvcViewResolver'; @ConditionalOnMissingBean (names: viewResolver types: org.springframework.web.servlet.view.ContentNegotiatingViewResolver; SearchStrategy: all) did not find any beans (OnBeanCondition)

   WebSocketServletAutoConfiguration matched:
      - @ConditionalOnClass found required classes 'jakarta.servlet.Servlet', 'jakarta.websocket.server.ServerContainer' (OnClassCondition)
      - found 'session' scope (OnWebApplicationCondition)

   WebSocketServletAutoConfiguration.TomcatWebSocketConfiguration matched:
      - @ConditionalOnClass found required classes 'org.apache.catalina.startup.Tomcat', 'org.apache.tomcat.websocket.server.WsSci' (OnClassCondition)

   WebSocketServletAutoConfiguration.TomcatWebSocketConfiguration#websocketServletWebServerCustomizer matched:
      - @ConditionalOnMissingBean (names: websocketServletWebServerCustomizer; SearchStrategy: all) did not find any beans (OnBeanCondition)


Negative matches:
-----------------

   ActiveMQAutoConfiguration:
      Did not match:
         - @ConditionalOnClass did not find required class 'jakarta.jms.ConnectionFactory' (OnClassCondition)

   AopAutoConfiguration.AspectJAutoProxyingConfiguration.JdkDynamicAutoProxyConfiguration:
      Did not match:
         - @ConditionalOnProperty (spring.aop.proxy-target-class=false) did not find property 'proxy-target-class' (OnPropertyCondition)

   AopAutoConfiguration.ClassProxyingConfiguration:
      Did not match:
         - @ConditionalOnMissingClass found unwanted class 'org.aspectj.weaver.Advice' (OnClassCondition)

   ArtemisAutoConfiguration:
      Did not match:
         - @ConditionalOnClass did not find required class 'jakarta.jms.ConnectionFactory' (OnClassCondition)

   BatchAutoConfiguration:
      Did not match:
         - @ConditionalOnClass did not find required class 'org.springframework.batch.core.launch.JobLauncher' (OnClassCondition)

   Cache2kCacheConfiguration:
      Did not match:
         - @ConditionalOnClass did not find required class 'org.cache2k.Cache2kBuilder' (OnClassCondition)

   CacheAutoConfiguration:
      Did not match:
         - @ConditionalOnBean (types: org.springframework.cache.interceptor.CacheAspectSupport; SearchStrategy: all) did not find any beans of type org.springframework.cache.interceptor.CacheAspectSupport (OnBeanCondition)
      Matched:
         - @ConditionalOnClass found required class 'org.springframework.cache.CacheManager' (OnClassCondition)

   CacheAutoConfiguration.CacheManagerEntityManagerFactoryDependsOnPostProcessor:
      Did not match:
         - Ancestor org.springframework.boot.autoconfigure.cache.CacheAutoConfiguration did not match (ConditionEvaluationReport.AncestorsMatchedCondition)
      Matched:
         - @ConditionalOnClass found required class 'org.springframework.orm.jpa.LocalContainerEntityManagerFactoryBean' (OnClassCondition)

   CaffeineCacheConfiguration:
      Did not match:
         - @ConditionalOnClass did not find required class 'com.github.benmanes.caffeine.cache.Caffeine' (OnClassCondition)

   CassandraAutoConfiguration:
      Did not match:
         - @ConditionalOnClass did not find required class 'com.datastax.oss.driver.api.core.CqlSession' (OnClassCondition)

   CassandraDataAutoConfiguration:
      Did not match:
         - @ConditionalOnClass did not find required class 'com.datastax.oss.driver.api.core.CqlSession' (OnClassCondition)

   CassandraReactiveDataAutoConfiguration:
      Did not match:
         - @ConditionalOnClass did not find required class 'com.datastax.oss.driver.api.core.CqlSession' (OnClassCondition)

   CassandraReactiveRepositoriesAutoConfiguration:
      Did not match:
         - @ConditionalOnClass did not find required class 'org.springframework.data.cassandra.ReactiveSession' (OnClassCondition)

   CassandraRepositoriesAutoConfiguration:
      Did not match:
         - @ConditionalOnClass did not find required class 'com.datastax.oss.driver.api.core.CqlSession' (OnClassCondition)

   ClientHttpConnectorAutoConfiguration:
      Did not match:
         - @ConditionalOnClass did not find required class 'org.springframework.web.reactive.function.client.WebClient' (OnClassCondition)

   CodecsAutoConfiguration:
      Did not match:
         - @ConditionalOnClass did not find required class 'org.springframework.web.reactive.function.client.WebClient' (OnClassCondition)

   CouchbaseAutoConfiguration:
      Did not match:
         - @ConditionalOnClass did not find required class 'com.couchbase.client.java.Cluster' (OnClassCondition)

   CouchbaseCacheConfiguration:
      Did not match:
         - @ConditionalOnClass did not find required class 'com.couchbase.client.java.Cluster' (OnClassCondition)

   CouchbaseDataAutoConfiguration:
      Did not match:
         - @ConditionalOnClass did not find required class 'com.couchbase.client.java.Bucket' (OnClassCondition)

   CouchbaseReactiveDataAutoConfiguration:
      Did not match:
         - @ConditionalOnClass did not find required class 'com.couchbase.client.java.Cluster' (OnClassCondition)

   CouchbaseReactiveRepositoriesAutoConfiguration:
      Did not match:
         - @ConditionalOnClass did not find required class 'com.couchbase.client.java.Cluster' (OnClassCondition)

   CouchbaseRepositoriesAutoConfiguration:
      Did not match:
         - @ConditionalOnClass did not find required class 'com.couchbase.client.java.Bucket' (OnClassCondition)

   DataSourceAutoConfiguration.EmbeddedDatabaseConfiguration:
      Did not match:
         - EmbeddedDataSource spring.datasource.url is set (DataSourceAutoConfiguration.EmbeddedDatabaseCondition)

   DataSourceCheckpointRestoreConfiguration:
      Did not match:
         - @ConditionalOnClass did not find required class 'org.crac.Resource' (OnClassCondition)

   DataSourceConfiguration.Dbcp2:
      Did not match:
         - @ConditionalOnClass did not find required class 'org.apache.commons.dbcp2.BasicDataSource' (OnClassCondition)

   DataSourceConfiguration.Generic:
      Did not match:
         - @ConditionalOnProperty (spring.datasource.type) did not find property 'spring.datasource.type' (OnPropertyCondition)

   DataSourceConfiguration.OracleUcp:
      Did not match:
         - @ConditionalOnClass did not find required classes 'oracle.ucp.jdbc.PoolDataSourceImpl', 'oracle.jdbc.OracleConnection' (OnClassCondition)

   DataSourceConfiguration.Tomcat:
      Did not match:
         - @ConditionalOnClass did not find required class 'org.apache.tomcat.jdbc.pool.DataSource' (OnClassCondition)

   DataSourceJmxConfiguration.TomcatDataSourceJmxConfiguration:
      Did not match:
         - @ConditionalOnClass did not find required class 'org.apache.tomcat.jdbc.pool.DataSourceProxy' (OnClassCondition)

   DataSourcePoolMetadataProvidersConfiguration.CommonsDbcp2PoolDataSourceMetadataProviderConfiguration:
      Did not match:
         - @ConditionalOnClass did not find required class 'org.apache.commons.dbcp2.BasicDataSource' (OnClassCondition)

   DataSourcePoolMetadataProvidersConfiguration.OracleUcpPoolDataSourceMetadataProviderConfiguration:
      Did not match:
         - @ConditionalOnClass did not find required classes 'oracle.ucp.jdbc.PoolDataSource', 'oracle.jdbc.OracleConnection' (OnClassCondition)

   DataSourcePoolMetadataProvidersConfiguration.TomcatDataSourcePoolMetadataProviderConfiguration:
      Did not match:
         - @ConditionalOnClass did not find required class 'org.apache.tomcat.jdbc.pool.DataSource' (OnClassCondition)

   DataSourceTransactionManagerAutoConfiguration.JdbcTransactionManagerConfiguration#transactionManager:
      Did not match:
         - @ConditionalOnMissingBean (types: org.springframework.transaction.TransactionManager; SearchStrategy: all) found beans of type 'org.springframework.transaction.TransactionManager' transactionManager (OnBeanCondition)

   DispatcherServletAutoConfiguration.DispatcherServletConfiguration#multipartResolver:
      Did not match:
         - @ConditionalOnBean (types: org.springframework.web.multipart.MultipartResolver; SearchStrategy: all) did not find any beans of type org.springframework.web.multipart.MultipartResolver (OnBeanCondition)

   ElasticsearchClientAutoConfiguration:
      Did not match:
         - @ConditionalOnClass did not find required class 'co.elastic.clients.elasticsearch.ElasticsearchClient' (OnClassCondition)

   ElasticsearchDataAutoConfiguration:
      Did not match:
         - @ConditionalOnClass did not find required class 'org.springframework.data.elasticsearch.client.elc.ElasticsearchTemplate' (OnClassCondition)

   ElasticsearchRepositoriesAutoConfiguration:
      Did not match:
         - @ConditionalOnClass did not find required class 'org.springframework.data.elasticsearch.repository.ElasticsearchRepository' (OnClassCondition)

   ElasticsearchRestClientAutoConfiguration:
      Did not match:
         - @ConditionalOnClass did not find required class 'org.elasticsearch.client.RestClientBuilder' (OnClassCondition)

   EmbeddedLdapAutoConfiguration:
      Did not match:
         - @ConditionalOnClass did not find required class 'com.unboundid.ldap.listener.InMemoryDirectoryServer' (OnClassCondition)

   EmbeddedWebServerFactoryCustomizerAutoConfiguration.JettyWebServerFactoryCustomizerConfiguration:
      Did not match:
         - @ConditionalOnClass did not find required classes 'org.eclipse.jetty.server.Server', 'org.eclipse.jetty.util.Loader', 'org.eclipse.jetty.ee10.webapp.WebAppContext' (OnClassCondition)

   EmbeddedWebServerFactoryCustomizerAutoConfiguration.NettyWebServerFactoryCustomizerConfiguration:
      Did not match:
         - @ConditionalOnClass did not find required class 'reactor.netty.http.server.HttpServer' (OnClassCondition)

   EmbeddedWebServerFactoryCustomizerAutoConfiguration.TomcatWebServerFactoryCustomizerConfiguration#tomcatVirtualThreadsProtocolHandlerCustomizer:
      Did not match:
         - @ConditionalOnThreading did not find VIRTUAL (OnThreadingCondition)

   EmbeddedWebServerFactoryCustomizerAutoConfiguration.UndertowWebServerFactoryCustomizerConfiguration:
      Did not match:
         - @ConditionalOnClass did not find required classes 'io.undertow.Undertow', 'org.xnio.SslClientAuthMode' (OnClassCondition)

   ErrorWebFluxAutoConfiguration:
      Did not match:
         - @ConditionalOnClass did not find required class 'org.springframework.web.reactive.config.WebFluxConfigurer' (OnClassCondition)

   FlywayAutoConfiguration:
      Did not match:
         - @ConditionalOnClass did not find required class 'org.flywaydb.core.Flyway' (OnClassCondition)

   FreeMarkerAutoConfiguration:
      Did not match:
         - @ConditionalOnClass did not find required class 'freemarker.template.Configuration' (OnClassCondition)

   GraphQlAutoConfiguration:
      Did not match:
         - @ConditionalOnClass did not find required class 'graphql.GraphQL' (OnClassCondition)

   GraphQlQueryByExampleAutoConfiguration:
      Did not match:
         - @ConditionalOnClass did not find required class 'graphql.GraphQL' (OnClassCondition)

   GraphQlQuerydslAutoConfiguration:
      Did not match:
         - @ConditionalOnClass did not find required class 'com.querydsl.core.Query' (OnClassCondition)

   GraphQlRSocketAutoConfiguration:
      Did not match:
         - @ConditionalOnClass did not find required class 'graphql.GraphQL' (OnClassCondition)

   GraphQlReactiveQueryByExampleAutoConfiguration:
      Did not match:
         - @ConditionalOnClass did not find required class 'graphql.GraphQL' (OnClassCondition)

   GraphQlReactiveQuerydslAutoConfiguration:
      Did not match:
         - @ConditionalOnClass did not find required class 'com.querydsl.core.Query' (OnClassCondition)

   GraphQlWebFluxAutoConfiguration:
      Did not match:
         - @ConditionalOnClass did not find required class 'graphql.GraphQL' (OnClassCondition)

   GraphQlWebFluxSecurityAutoConfiguration:
      Did not match:
         - @ConditionalOnClass did not find required class 'graphql.GraphQL' (OnClassCondition)

   GraphQlWebMvcAutoConfiguration:
      Did not match:
         - @ConditionalOnClass did not find required class 'graphql.GraphQL' (OnClassCondition)

   GraphQlWebMvcSecurityAutoConfiguration:
      Did not match:
         - @ConditionalOnClass did not find required class 'graphql.GraphQL' (OnClassCondition)

   GroovyTemplateAutoConfiguration:
      Did not match:
         - @ConditionalOnClass did not find required class 'groovy.text.markup.MarkupTemplateEngine' (OnClassCondition)

   GsonAutoConfiguration:
      Did not match:
         - @ConditionalOnClass did not find required class 'com.google.gson.Gson' (OnClassCondition)

   GsonHttpMessageConvertersConfiguration:
      Did not match:
         - @ConditionalOnClass did not find required class 'com.google.gson.Gson' (OnClassCondition)

   H2ConsoleAutoConfiguration:
      Did not match:
         - @ConditionalOnClass did not find required class 'org.h2.server.web.JakartaWebServlet' (OnClassCondition)

   HazelcastAutoConfiguration:
      Did not match:
         - @ConditionalOnClass did not find required class 'com.hazelcast.core.HazelcastInstance' (OnClassCondition)

   HazelcastCacheConfiguration:
      Did not match:
         - @ConditionalOnClass did not find required class 'com.hazelcast.core.HazelcastInstance' (OnClassCondition)

   HazelcastJpaDependencyAutoConfiguration:
      Did not match:
         - @ConditionalOnClass did not find required class 'com.hazelcast.core.HazelcastInstance' (OnClassCondition)

   HttpHandlerAutoConfiguration:
      Did not match:
         - @ConditionalOnClass did not find required class 'org.springframework.web.reactive.DispatcherHandler' (OnClassCondition)

   HypermediaAutoConfiguration:
      Did not match:
         - @ConditionalOnClass did not find required class 'org.springframework.hateoas.EntityModel' (OnClassCondition)

   InfinispanCacheConfiguration:
      Did not match:
         - @ConditionalOnClass did not find required class 'org.infinispan.spring.embedded.provider.SpringEmbeddedCacheManager' (OnClassCondition)

   InfluxDbAutoConfiguration:
      Did not match:
         - @ConditionalOnClass did not find required class 'org.influxdb.InfluxDB' (OnClassCondition)

   IntegrationAutoConfiguration:
      Did not match:
         - @ConditionalOnClass did not find required class 'org.springframework.integration.config.EnableIntegration' (OnClassCondition)

   JCacheCacheConfiguration:
      Did not match:
         - @ConditionalOnClass did not find required class 'javax.cache.Caching' (OnClassCondition)

   JacksonHttpMessageConvertersConfiguration.MappingJackson2XmlHttpMessageConverterConfiguration:
      Did not match:
         - @ConditionalOnClass did not find required class 'com.fasterxml.jackson.dataformat.xml.XmlMapper' (OnClassCondition)

   JdbcRepositoriesAutoConfiguration:
      Did not match:
         - @ConditionalOnClass did not find required class 'org.springframework.data.jdbc.repository.config.AbstractJdbcConfiguration' (OnClassCondition)

   JerseyAutoConfiguration:
      Did not match:
         - @ConditionalOnClass did not find required class 'org.glassfish.jersey.server.spring.SpringComponentProvider' (OnClassCondition)

   JmsAutoConfiguration:
      Did not match:
         - @ConditionalOnClass did not find required class 'jakarta.jms.Message' (OnClassCondition)

   JmxAutoConfiguration:
      Did not match:
         - @ConditionalOnProperty (spring.jmx.enabled=true) did not find property 'enabled' (OnPropertyCondition)
      Matched:
         - @ConditionalOnClass found required class 'org.springframework.jmx.export.MBeanExporter' (OnClassCondition)

   JndiConnectionFactoryAutoConfiguration:
      Did not match:
         - @ConditionalOnClass did not find required class 'org.springframework.jms.core.JmsTemplate' (OnClassCondition)

   JndiDataSourceAutoConfiguration:
      Did not match:
         - @ConditionalOnProperty (spring.datasource.jndi-name) did not find property 'jndi-name' (OnPropertyCondition)
      Matched:
         - @ConditionalOnClass found required classes 'javax.sql.DataSource', 'org.springframework.jdbc.datasource.embedded.EmbeddedDatabaseType' (OnClassCondition)

   JndiJtaConfiguration:
      Did not match:
         - @ConditionalOnJndi JNDI environment is not available (OnJndiCondition)
      Matched:
         - @ConditionalOnClass found required class 'org.springframework.transaction.jta.JtaTransactionManager' (OnClassCondition)

   JooqAutoConfiguration:
      Did not match:
         - @ConditionalOnClass did not find required class 'org.jooq.DSLContext' (OnClassCondition)

   JpaBaseConfiguration.JpaWebConfiguration:
      Did not match:
         - @ConditionalOnProperty (spring.jpa.open-in-view=true) found different value in property 'open-in-view' (OnPropertyCondition)
      Matched:
         - @ConditionalOnClass found required class 'org.springframework.web.servlet.config.annotation.WebMvcConfigurer' (OnClassCondition)
         - found 'session' scope (OnWebApplicationCondition)

   JpaRepositoriesAutoConfiguration#entityManagerFactoryBootstrapExecutorCustomizer:
      Did not match:
         - AnyNestedCondition 0 matched 2 did not; NestedCondition on JpaRepositoriesAutoConfiguration.BootstrapExecutorCondition.LazyBootstrapMode @ConditionalOnProperty (spring.data.jpa.repositories.bootstrap-mode=lazy) did not find property 'bootstrap-mode'; NestedCondition on JpaRepositoriesAutoConfiguration.BootstrapExecutorCondition.DeferredBootstrapMode @ConditionalOnProperty (spring.data.jpa.repositories.bootstrap-mode=deferred) did not find property 'bootstrap-mode' (JpaRepositoriesAutoConfiguration.BootstrapExecutorCondition)

   JsonbAutoConfiguration:
      Did not match:
         - @ConditionalOnClass did not find required class 'jakarta.json.bind.Jsonb' (OnClassCondition)

   JsonbHttpMessageConvertersConfiguration:
      Did not match:
         - @ConditionalOnClass did not find required class 'jakarta.json.bind.Jsonb' (OnClassCondition)

   KafkaAutoConfiguration:
      Did not match:
         - @ConditionalOnClass did not find required class 'org.springframework.kafka.core.KafkaTemplate' (OnClassCondition)

   LdapAutoConfiguration:
      Did not match:
         - @ConditionalOnClass did not find required class 'org.springframework.ldap.core.ContextSource' (OnClassCondition)

   LdapRepositoriesAutoConfiguration:
      Did not match:
         - @ConditionalOnClass did not find required class 'org.springframework.data.ldap.repository.LdapRepository' (OnClassCondition)

   LiquibaseAutoConfiguration:
      Did not match:
         - @ConditionalOnClass did not find required class 'liquibase.change.DatabaseChange' (OnClassCondition)

   MailSenderAutoConfiguration:
      Did not match:
         - @ConditionalOnClass did not find required class 'jakarta.mail.internet.MimeMessage' (OnClassCondition)

   MailSenderValidatorAutoConfiguration:
      Did not match:
         - @ConditionalOnSingleCandidate did not find required type 'org.springframework.mail.javamail.JavaMailSenderImpl' (OnBeanCondition)

   MessageSourceAutoConfiguration:
      Did not match:
         - ResourceBundle did not find bundle with basename messages (MessageSourceAutoConfiguration.ResourceBundleCondition)

   MongoAutoConfiguration:
      Did not match:
         - @ConditionalOnClass did not find required class 'com.mongodb.client.MongoClient' (OnClassCondition)

   MongoDataAutoConfiguration:
      Did not match:
         - @ConditionalOnClass did not find required class 'com.mongodb.client.MongoClient' (OnClassCondition)

   MongoReactiveAutoConfiguration:
      Did not match:
         - @ConditionalOnClass did not find required class 'com.mongodb.reactivestreams.client.MongoClient' (OnClassCondition)

   MongoReactiveDataAutoConfiguration:
      Did not match:
         - @ConditionalOnClass did not find required class 'com.mongodb.reactivestreams.client.MongoClient' (OnClassCondition)

   MongoReactiveRepositoriesAutoConfiguration:
      Did not match:
         - @ConditionalOnClass did not find required class 'com.mongodb.reactivestreams.client.MongoClient' (OnClassCondition)

   MongoRepositoriesAutoConfiguration:
      Did not match:
         - @ConditionalOnClass did not find required class 'com.mongodb.client.MongoClient' (OnClassCondition)

   MultipleOpenApiSupportConfiguration:
      Did not match:
         - AnyNestedCondition 0 matched 2 did not; NestedCondition on MultipleOpenApiSupportCondition.OnActuatorDifferentPort @ConditionalOnProperty (springdoc.show-actuator) did not find property 'springdoc.show-actuator'; NestedCondition on MultipleOpenApiSupportCondition.OnMultipleOpenApiSupportCondition AnyNestedCondition 0 matched 2 did not; NestedCondition on MultipleOpenApiGroupsCondition.OnGroupConfigProperty @ConditionalOnProperty (springdoc.group-configs[0].group) did not find property 'springdoc.group-configs[0].group'; NestedCondition on MultipleOpenApiGroupsCondition.OnGroupedOpenApiBean @ConditionalOnBean (types: org.springdoc.core.models.GroupedOpenApi; SearchStrategy: all) did not find any beans of type org.springdoc.core.models.GroupedOpenApi (MultipleOpenApiSupportCondition)
      Matched:
         - found 'session' scope (OnWebApplicationCondition)
         - @ConditionalOnProperty (springdoc.api-docs.enabled) matched (OnPropertyCondition)

   MultipleOpenApiSupportConfiguration.SpringDocWebMvcActuatorDifferentConfiguration:
      Did not match:
         - @ConditionalOnClass did not find required class 'org.springframework.boot.actuate.endpoint.web.servlet.WebMvcEndpointHandlerMapping' (OnClassCondition)
         - Ancestor org.springdoc.webmvc.core.configuration.MultipleOpenApiSupportConfiguration did not match (ConditionEvaluationReport.AncestorsMatchedCondition)

   MustacheAutoConfiguration:
      Did not match:
         - @ConditionalOnClass did not find required class 'com.samskivert.mustache.Mustache' (OnClassCondition)

   Neo4jAutoConfiguration:
      Did not match:
         - @ConditionalOnClass did not find required class 'org.neo4j.driver.Driver' (OnClassCondition)

   Neo4jDataAutoConfiguration:
      Did not match:
         - @ConditionalOnClass did not find required class 'org.neo4j.driver.Driver' (OnClassCondition)

   Neo4jReactiveDataAutoConfiguration:
      Did not match:
         - @ConditionalOnClass did not find required class 'org.neo4j.driver.Driver' (OnClassCondition)

   Neo4jReactiveRepositoriesAutoConfiguration:
      Did not match:
         - @ConditionalOnClass did not find required class 'org.neo4j.driver.Driver' (OnClassCondition)

   Neo4jRepositoriesAutoConfiguration:
      Did not match:
         - @ConditionalOnClass did not find required class 'org.neo4j.driver.Driver' (OnClassCondition)

   NettyAutoConfiguration:
      Did not match:
         - @ConditionalOnClass did not find required class 'io.netty.util.NettyRuntime' (OnClassCondition)

   OAuth2AuthorizationServerAutoConfiguration:
      Did not match:
         - @ConditionalOnClass did not find required class 'org.springframework.security.oauth2.server.authorization.OAuth2Authorization' (OnClassCondition)

   OAuth2AuthorizationServerJwtAutoConfiguration:
      Did not match:
         - @ConditionalOnClass did not find required class 'org.springframework.security.oauth2.server.authorization.OAuth2Authorization' (OnClassCondition)

   OAuth2ClientAutoConfiguration:
      Did not match:
         - @ConditionalOnClass did not find required class 'org.springframework.security.oauth2.client.registration.ClientRegistration' (OnClassCondition)

   OAuth2ResourceServerAutoConfiguration:
      Did not match:
         - @ConditionalOnClass did not find required class 'org.springframework.security.oauth2.server.resource.authentication.BearerTokenAuthenticationToken' (OnClassCondition)

   ProjectInfoAutoConfiguration#buildProperties:
      Did not match:
         - @ConditionalOnResource did not find resource '${spring.info.build.location:classpath:META-INF/build-info.properties}' (OnResourceCondition)

   ProjectInfoAutoConfiguration#gitProperties:
      Did not match:
         - GitResource did not find git info at classpath:git.properties (ProjectInfoAutoConfiguration.GitResourceAvailableCondition)

   PulsarAutoConfiguration:
      Did not match:
         - @ConditionalOnClass did not find required class 'org.apache.pulsar.client.api.PulsarClient' (OnClassCondition)

   PulsarReactiveAutoConfiguration:
      Did not match:
         - @ConditionalOnClass did not find required class 'org.apache.pulsar.client.api.PulsarClient' (OnClassCondition)

   QuartzAutoConfiguration:
      Did not match:
         - @ConditionalOnClass did not find required class 'org.quartz.Scheduler' (OnClassCondition)

   R2dbcAutoConfiguration:
      Did not match:
         - @ConditionalOnClass did not find required class 'io.r2dbc.spi.ConnectionFactory' (OnClassCondition)

   R2dbcDataAutoConfiguration:
      Did not match:
         - @ConditionalOnClass did not find required class 'org.springframework.data.r2dbc.core.R2dbcEntityTemplate' (OnClassCondition)

   R2dbcInitializationConfiguration:
      Did not match:
         - @ConditionalOnClass did not find required classes 'io.r2dbc.spi.ConnectionFactory', 'org.springframework.r2dbc.connection.init.DatabasePopulator' (OnClassCondition)

   R2dbcRepositoriesAutoConfiguration:
      Did not match:
         - @ConditionalOnClass did not find required class 'io.r2dbc.spi.ConnectionFactory' (OnClassCondition)

   R2dbcTransactionManagerAutoConfiguration:
      Did not match:
         - @ConditionalOnClass did not find required class 'org.springframework.r2dbc.connection.R2dbcTransactionManager' (OnClassCondition)

   RSocketGraphQlClientAutoConfiguration:
      Did not match:
         - @ConditionalOnClass did not find required class 'graphql.GraphQL' (OnClassCondition)

   RSocketMessagingAutoConfiguration:
      Did not match:
         - @ConditionalOnClass did not find required class 'io.rsocket.RSocket' (OnClassCondition)

   RSocketRequesterAutoConfiguration:
      Did not match:
         - @ConditionalOnClass did not find required class 'io.rsocket.RSocket' (OnClassCondition)

   RSocketSecurityAutoConfiguration:
      Did not match:
         - @ConditionalOnClass did not find required class 'org.springframework.security.rsocket.core.SecuritySocketAcceptorInterceptor' (OnClassCondition)

   RSocketServerAutoConfiguration:
      Did not match:
         - @ConditionalOnClass did not find required class 'io.rsocket.core.RSocketServer' (OnClassCondition)

   RSocketStrategiesAutoConfiguration:
      Did not match:
         - @ConditionalOnClass did not find required class 'io.netty.buffer.PooledByteBufAllocator' (OnClassCondition)

   RabbitAutoConfiguration:
      Did not match:
         - @ConditionalOnClass did not find required class 'com.rabbitmq.client.Channel' (OnClassCondition)

   ReactiveElasticsearchClientAutoConfiguration:
      Did not match:
         - @ConditionalOnClass did not find required class 'co.elastic.clients.transport.ElasticsearchTransport' (OnClassCondition)

   ReactiveElasticsearchRepositoriesAutoConfiguration:
      Did not match:
         - @ConditionalOnClass did not find required class 'org.springframework.data.elasticsearch.client.elc.ReactiveElasticsearchClient' (OnClassCondition)

   ReactiveMultipartAutoConfiguration:
      Did not match:
         - @ConditionalOnClass did not find required class 'org.springframework.web.reactive.config.WebFluxConfigurer' (OnClassCondition)

   ReactiveOAuth2ClientAutoConfiguration:
      Did not match:
         - @ConditionalOnClass did not find required class 'reactor.core.publisher.Flux' (OnClassCondition)

   ReactiveOAuth2ResourceServerAutoConfiguration:
      Did not match:
         - @ConditionalOnWebApplication did not find reactive web application classes (OnWebApplicationCondition)

   ReactiveSecurityAutoConfiguration:
      Did not match:
         - @ConditionalOnClass did not find required class 'reactor.core.publisher.Flux' (OnClassCondition)

   ReactiveUserDetailsServiceAutoConfiguration:
      Did not match:
         - AnyNestedCondition 0 matched 2 did not; NestedCondition on ReactiveUserDetailsServiceAutoConfiguration.RSocketEnabledOrReactiveWebApplication.ReactiveWebApplicationCondition did not find reactive web application classes; NestedCondition on ReactiveUserDetailsServiceAutoConfiguration.RSocketEnabledOrReactiveWebApplication.RSocketSecurityEnabledCondition @ConditionalOnBean (types: org.springframework.messaging.rsocket.annotation.support.RSocketMessageHandler; SearchStrategy: all) did not find any beans of type org.springframework.messaging.rsocket.annotation.support.RSocketMessageHandler (ReactiveUserDetailsServiceAutoConfiguration.RSocketEnabledOrReactiveWebApplication)
      Matched:
         - @ConditionalOnClass found required class 'org.springframework.security.authentication.ReactiveAuthenticationManager' (OnClassCondition)
         - AnyNestedCondition 1 matched 2 did not; NestedCondition on ReactiveUserDetailsServiceAutoConfiguration.MissingAlternativeOrUserPropertiesConfigured.PasswordConfigured @ConditionalOnProperty (spring.security.user.password) did not find property 'password'; NestedCondition on ReactiveUserDetailsServiceAutoConfiguration.MissingAlternativeOrUserPropertiesConfigured.NameConfigured @ConditionalOnProperty (spring.security.user.name) did not find property 'name'; NestedCondition on ReactiveUserDetailsServiceAutoConfiguration.MissingAlternativeOrUserPropertiesConfigured.MissingAlternative @ConditionalOnMissingClass did not find unwanted classes 'org.springframework.security.oauth2.client.registration.ClientRegistrationRepository', 'org.springframework.security.oauth2.server.resource.introspection.ReactiveOpaqueTokenIntrospector' (ReactiveUserDetailsServiceAutoConfiguration.MissingAlternativeOrUserPropertiesConfigured)

   ReactiveWebServerFactoryAutoConfiguration:
      Did not match:
         - @ConditionalOnWebApplication did not find reactive web application classes (OnWebApplicationCondition)

   ReactorAutoConfiguration:
      Did not match:
         - @ConditionalOnClass did not find required class 'reactor.core.publisher.Hooks' (OnClassCondition)

   RedisAutoConfiguration:
      Did not match:
         - @ConditionalOnClass did not find required class 'org.springframework.data.redis.core.RedisOperations' (OnClassCondition)

   RedisCacheConfiguration:
      Did not match:
         - @ConditionalOnClass did not find required class 'org.springframework.data.redis.connection.RedisConnectionFactory' (OnClassCondition)

   RedisReactiveAutoConfiguration:
      Did not match:
         - @ConditionalOnClass did not find required class 'reactor.core.publisher.Flux' (OnClassCondition)

   RedisRepositoriesAutoConfiguration:
      Did not match:
         - @ConditionalOnClass did not find required class 'org.springframework.data.redis.repository.configuration.EnableRedisRepositories' (OnClassCondition)

   RepositoryRestMvcAutoConfiguration:
      Did not match:
         - @ConditionalOnClass did not find required class 'org.springframework.data.rest.webmvc.config.RepositoryRestMvcConfiguration' (OnClassCondition)

   Saml2RelyingPartyAutoConfiguration:
      Did not match:
         - @ConditionalOnClass did not find required class 'org.springframework.security.saml2.provider.service.registration.RelyingPartyRegistrationRepository' (OnClassCondition)

   SecurityDataConfiguration:
      Did not match:
         - @ConditionalOnClass did not find required class 'org.springframework.security.data.repository.query.SecurityEvaluationContextExtension' (OnClassCondition)

   SendGridAutoConfiguration:
      Did not match:
         - @ConditionalOnClass did not find required class 'com.sendgrid.SendGrid' (OnClassCondition)

   ServletWebServerFactoryAutoConfiguration.ForwardedHeaderFilterConfiguration:
      Did not match:
         - @ConditionalOnProperty (server.forward-headers-strategy=framework) did not find property 'server.forward-headers-strategy' (OnPropertyCondition)

   ServletWebServerFactoryConfiguration.EmbeddedJetty:
      Did not match:
         - @ConditionalOnClass did not find required classes 'org.eclipse.jetty.server.Server', 'org.eclipse.jetty.util.Loader', 'org.eclipse.jetty.ee10.webapp.WebAppContext' (OnClassCondition)

   ServletWebServerFactoryConfiguration.EmbeddedUndertow:
      Did not match:
         - @ConditionalOnClass did not find required classes 'io.undertow.Undertow', 'org.xnio.SslClientAuthMode' (OnClassCondition)

   SessionAutoConfiguration:
      Did not match:
         - @ConditionalOnClass did not find required class 'org.springframework.session.Session' (OnClassCondition)

   SpringApplicationAdminJmxAutoConfiguration:
      Did not match:
         - @ConditionalOnProperty (spring.application.admin.enabled=true) did not find property 'enabled' (OnPropertyCondition)

   SpringBootWebSecurityConfiguration.SecurityFilterChainConfiguration:
      Did not match:
         - AllNestedConditions 1 matched 1 did not; NestedCondition on DefaultWebSecurityCondition.Beans @ConditionalOnMissingBean (types: org.springframework.security.web.SecurityFilterChain; SearchStrategy: all) found beans of type 'org.springframework.security.web.SecurityFilterChain' securityFilterChain; NestedCondition on DefaultWebSecurityCondition.Classes @ConditionalOnClass found required classes 'org.springframework.security.web.SecurityFilterChain', 'org.springframework.security.config.annotation.web.builders.HttpSecurity' (DefaultWebSecurityCondition)

   SpringBootWebSecurityConfiguration.WebSecurityEnablerConfiguration:
      Did not match:
         - @ConditionalOnMissingBean (names: springSecurityFilterChain; SearchStrategy: all) found beans named springSecurityFilterChain (OnBeanCondition)
      Matched:
         - @ConditionalOnClass found required class 'org.springframework.security.config.annotation.web.configuration.EnableWebSecurity' (OnClassCondition)

   SpringDocConfiguration#propertiesResolverForSchema:
      Did not match:
         - @ConditionalOnProperty (springdoc.api-docs.resolve-schema-properties) did not find property 'springdoc.api-docs.resolve-schema-properties' (OnPropertyCondition)

   SpringDocConfiguration#propertyCustomizingConverter:
      Did not match:
         - @ConditionalOnBean (types: org.springdoc.core.customizers.PropertyCustomizer; SearchStrategy: all) did not find any beans of type org.springdoc.core.customizers.PropertyCustomizer (OnBeanCondition)

   SpringDocConfiguration#springdocBeanFactoryPostProcessor:
      Did not match:
         - AnyNestedCondition 0 matched 2 did not; NestedCondition on CacheOrGroupedOpenApiCondition.OnCacheDisabled found non-matching nested conditions @ConditionalOnProperty (springdoc.cache.disabled) did not find property 'springdoc.cache.disabled'; NestedCondition on CacheOrGroupedOpenApiCondition.OnMultipleOpenApiSupportCondition AnyNestedCondition 0 matched 2 did not; NestedCondition on MultipleOpenApiSupportCondition.OnActuatorDifferentPort @ConditionalOnProperty (springdoc.show-actuator) did not find property 'springdoc.show-actuator'; NestedCondition on MultipleOpenApiSupportCondition.OnMultipleOpenApiSupportCondition AnyNestedCondition 0 matched 2 did not; NestedCondition on MultipleOpenApiGroupsCondition.OnGroupConfigProperty @ConditionalOnProperty (springdoc.group-configs[0].group) did not find property 'springdoc.group-configs[0].group'; NestedCondition on MultipleOpenApiGroupsCondition.OnGroupedOpenApiBean @ConditionalOnBean (types: org.springdoc.core.models.GroupedOpenApi; SearchStrategy: all) did not find any beans of type org.springdoc.core.models.GroupedOpenApi (CacheOrGroupedOpenApiCondition)
      Matched:
         - @ConditionalOnClass found required class 'org.springframework.boot.context.properties.bind.BindResult' (OnClassCondition)

   SpringDocConfiguration#springdocBeanFactoryPostProcessor2:
      Did not match:
         - @ConditionalOnMissingClass found unwanted class 'org.springframework.boot.context.properties.bind.BindResult' (OnClassCondition)

   SpringDocConfiguration.SpringDocActuatorConfiguration:
      Did not match:
         - @ConditionalOnClass did not find required class 'org.springframework.boot.actuate.autoconfigure.endpoint.web.WebEndpointProperties' (OnClassCondition)

   SpringDocConfiguration.SpringDocRepositoryRestConfiguration:
      Did not match:
         - @ConditionalOnClass did not find required class 'org.springframework.data.rest.core.config.RepositoryRestConfiguration' (OnClassCondition)

   SpringDocConfiguration.SpringDocWebFluxSupportConfiguration:
      Did not match:
         - @ConditionalOnClass did not find required class 'reactor.core.publisher.Flux' (OnClassCondition)

   SpringDocDataRestConfiguration:
      Did not match:
         - @ConditionalOnClass did not find required class 'org.springframework.data.rest.core.config.RepositoryRestConfiguration' (OnClassCondition)

   SpringDocFunctionCatalogConfiguration:
      Did not match:
         - @ConditionalOnClass did not find required class 'org.springframework.cloud.function.web.function.FunctionEndpointInitializer' (OnClassCondition)

   SpringDocGroovyConfiguration:
      Did not match:
         - @ConditionalOnClass did not find required class 'groovy.lang.MetaClass' (OnClassCondition)

   SpringDocHateoasConfiguration:
      Did not match:
         - @ConditionalOnClass did not find required class 'org.springframework.hateoas.server.LinkRelationProvider' (OnClassCondition)

   SpringDocJacksonKotlinModuleConfiguration:
      Did not match:
         - @ConditionalOnClass did not find required class 'com.fasterxml.jackson.module.kotlin.KotlinModule' (OnClassCondition)

   SpringDocJavadocConfiguration:
      Did not match:
         - @ConditionalOnClass did not find required class 'com.github.therapi.runtimejavadoc.CommentFormatter' (OnClassCondition)

   SpringDocKotlinConfiguration:
      Did not match:
         - @ConditionalOnClass did not find required class 'kotlin.coroutines.Continuation' (OnClassCondition)

   SpringDocKotlinxConfiguration:
      Did not match:
         - @ConditionalOnClass did not find required class 'kotlinx.coroutines.flow.Flow' (OnClassCondition)

   SpringDocSecurityConfiguration.SpringDocSecurityOAuth2Configuration:
      Did not match:
         - @ConditionalOnClass did not find required class 'org.springframework.security.oauth2.server.authorization.OAuth2AuthorizationService' (OnClassCondition)

   SpringDocSecurityConfiguration.SpringSecurityLoginEndpointConfiguration#springSecurityLoginEndpointCustomiser:
      Did not match:
         - @ConditionalOnProperty (springdoc.show-login-endpoint) did not find property 'springdoc.show-login-endpoint' (OnPropertyCondition)

   SpringDocSortConfiguration#delegatingMethodParameterCustomizer:
      Did not match:
         - @ConditionalOnMissingBean (types: org.springdoc.core.customizers.DelegatingMethodParameterCustomizer; SearchStrategy: all) found beans of type 'org.springdoc.core.customizers.DelegatingMethodParameterCustomizer' delegatingMethodParameterCustomizer (OnBeanCondition)

   SpringDocWebMvcConfiguration.SpringDocWebMvcActuatorConfiguration:
      Did not match:
         - @ConditionalOnClass did not find required class 'org.springframework.boot.actuate.endpoint.web.servlet.WebMvcEndpointHandlerMapping' (OnClassCondition)

   SwaggerConfig#springWebProvider:
      Did not match:
         - @ConditionalOnMissingBean (types: org.springdoc.core.providers.SpringWebProvider; SearchStrategy: all) found beans of type 'org.springdoc.core.providers.SpringWebProvider' springWebProvider (OnBeanCondition)

   SwaggerConfig#swaggerUiConfigParameters:
      Did not match:
         - @ConditionalOnMissingBean (types: org.springdoc.core.properties.SwaggerUiConfigParameters; SearchStrategy: all) found beans of type 'org.springdoc.core.properties.SwaggerUiConfigParameters' org.springdoc.core.properties.SwaggerUiConfigParameters (OnBeanCondition)

   SwaggerConfig#swaggerUiHome:
      Did not match:
         - @ConditionalOnProperty (springdoc.swagger-ui.use-root-path=true) did not find property 'springdoc.swagger-ui.use-root-path' (OnPropertyCondition)

   SwaggerConfig.SwaggerActuatorWelcomeConfiguration:
      Did not match:
         - @ConditionalOnClass did not find required class 'org.springframework.boot.actuate.endpoint.web.servlet.WebMvcEndpointHandlerMapping' (OnClassCondition)

   TaskExecutorConfigurations.SimpleAsyncTaskExecutorBuilderConfiguration#simpleAsyncTaskExecutorBuilderVirtualThreads:
      Did not match:
         - @ConditionalOnMissingBean (types: org.springframework.boot.task.SimpleAsyncTaskExecutorBuilder; SearchStrategy: all) found beans of type 'org.springframework.boot.task.SimpleAsyncTaskExecutorBuilder' simpleAsyncTaskExecutorBuilder (OnBeanCondition)

   TaskExecutorConfigurations.TaskExecutorConfiguration#applicationTaskExecutorVirtualThreads:
      Did not match:
         - @ConditionalOnThreading did not find VIRTUAL (OnThreadingCondition)

   TaskSchedulingAutoConfiguration#scheduledBeanLazyInitializationExcludeFilter:
      Did not match:
         - @ConditionalOnBean (names: org.springframework.context.annotation.internalScheduledAnnotationProcessor; SearchStrategy: all) did not find any beans named org.springframework.context.annotation.internalScheduledAnnotationProcessor (OnBeanCondition)

   TaskSchedulingConfigurations.SimpleAsyncTaskSchedulerBuilderConfiguration#simpleAsyncTaskSchedulerBuilderVirtualThreads:
      Did not match:
         - @ConditionalOnMissingBean (types: org.springframework.boot.task.SimpleAsyncTaskSchedulerBuilder; SearchStrategy: all) found beans of type 'org.springframework.boot.task.SimpleAsyncTaskSchedulerBuilder' simpleAsyncTaskSchedulerBuilder (OnBeanCondition)

   TaskSchedulingConfigurations.TaskSchedulerConfiguration:
      Did not match:
         - @ConditionalOnBean (names: org.springframework.context.annotation.internalScheduledAnnotationProcessor; SearchStrategy: all) did not find any beans named org.springframework.context.annotation.internalScheduledAnnotationProcessor (OnBeanCondition)

   ThymeleafAutoConfiguration:
      Did not match:
         - @ConditionalOnClass did not find required class 'org.thymeleaf.spring6.SpringTemplateEngine' (OnClassCondition)

   TransactionAutoConfiguration#transactionalOperator:
      Did not match:
         - @ConditionalOnSingleCandidate (types: org.springframework.transaction.ReactiveTransactionManager; SearchStrategy: all) did not find any beans (OnBeanCondition)

   TransactionAutoConfiguration.AspectJTransactionManagementConfiguration:
      Did not match:
         - @ConditionalOnBean (types: org.springframework.transaction.aspectj.AbstractTransactionAspect; SearchStrategy: all) did not find any beans of type org.springframework.transaction.aspectj.AbstractTransactionAspect (OnBeanCondition)

   TransactionAutoConfiguration.EnableTransactionManagementConfiguration.JdkDynamicAutoProxyConfiguration:
      Did not match:
         - @ConditionalOnProperty (spring.aop.proxy-target-class=false) did not find property 'proxy-target-class' (OnPropertyCondition)

   WebClientAutoConfiguration:
      Did not match:
         - @ConditionalOnClass did not find required class 'org.springframework.web.reactive.function.client.WebClient' (OnClassCondition)

   WebFluxAutoConfiguration:
      Did not match:
         - @ConditionalOnClass did not find required class 'org.springframework.web.reactive.config.WebFluxConfigurer' (OnClassCondition)

   WebMvcAutoConfiguration#hiddenHttpMethodFilter:
      Did not match:
         - @ConditionalOnProperty (spring.mvc.hiddenmethod.filter.enabled) did not find property 'enabled' (OnPropertyCondition)

   WebMvcAutoConfiguration.ProblemDetailsErrorHandlingConfiguration:
      Did not match:
         - @ConditionalOnProperty (spring.mvc.problemdetails.enabled=true) did not find property 'enabled' (OnPropertyCondition)

   WebMvcAutoConfiguration.ResourceChainCustomizerConfiguration:
      Did not match:
         - @ConditionalOnEnabledResourceChain did not find class org.webjars.WebJarAssetLocator (OnEnabledResourceChainCondition)

   WebMvcAutoConfiguration.WebMvcAutoConfigurationAdapter#beanNameViewResolver:
      Did not match:
         - @ConditionalOnMissingBean (types: org.springframework.web.servlet.view.BeanNameViewResolver; SearchStrategy: all) found beans of type 'org.springframework.web.servlet.view.BeanNameViewResolver' beanNameViewResolver (OnBeanCondition)

   WebServiceTemplateAutoConfiguration:
      Did not match:
         - @ConditionalOnClass did not find required class 'org.springframework.oxm.Marshaller' (OnClassCondition)

   WebServicesAutoConfiguration:
      Did not match:
         - @ConditionalOnClass did not find required class 'org.springframework.ws.transport.http.MessageDispatcherServlet' (OnClassCondition)

   WebSessionIdResolverAutoConfiguration:
      Did not match:
         - @ConditionalOnClass did not find required class 'reactor.core.publisher.Mono' (OnClassCondition)

   WebSocketMessagingAutoConfiguration:
      Did not match:
         - @ConditionalOnClass did not find required class 'org.springframework.web.socket.config.annotation.WebSocketMessageBrokerConfigurer' (OnClassCondition)

   WebSocketReactiveAutoConfiguration:
      Did not match:
         - @ConditionalOnWebApplication did not find reactive web application classes (OnWebApplicationCondition)

   WebSocketServletAutoConfiguration.JettyWebSocketConfiguration:
      Did not match:
         - @ConditionalOnClass did not find required class 'org.eclipse.jetty.ee10.websocket.jakarta.server.config.JakartaWebSocketServletContainerInitializer' (OnClassCondition)

   WebSocketServletAutoConfiguration.UndertowWebSocketConfiguration:
      Did not match:
         - @ConditionalOnClass did not find required class 'io.undertow.websockets.jsr.Bootstrap' (OnClassCondition)

   XADataSourceAutoConfiguration:
      Did not match:
         - @ConditionalOnBean (types: org.springframework.boot.jdbc.XADataSourceWrapper; SearchStrategy: all) did not find any beans of type org.springframework.boot.jdbc.XADataSourceWrapper (OnBeanCondition)
      Matched:
         - @ConditionalOnClass found required classes 'javax.sql.DataSource', 'jakarta.transaction.TransactionManager', 'org.springframework.jdbc.datasource.embedded.EmbeddedDatabaseType' (OnClassCondition)


Exclusions:
-----------

    None


Unconditional classes:
----------------------

    org.springframework.boot.autoconfigure.context.ConfigurationPropertiesAutoConfiguration

    org.springframework.boot.autoconfigure.ssl.SslAutoConfiguration

    org.springframework.boot.autoconfigure.context.PropertyPlaceholderAutoConfiguration

    org.springframework.boot.autoconfigure.context.LifecycleAutoConfiguration

    org.springdoc.core.configuration.SpringDocSpecPropertiesConfiguration

    org.springframework.boot.autoconfigure.availability.ApplicationAvailabilityAutoConfiguration

    org.springframework.boot.autoconfigure.info.ProjectInfoAutoConfiguration



2026-08-14T01:07:54.402+05:30  INFO 22184 --- [shopsphere-backend] [           main] com.shopsphere.ShopSphereApplication     : Started ShopSphereApplication in 6.943 seconds (process running for 7.484)
2026-08-14T01:07:54.404+05:30 DEBUG 22184 --- [shopsphere-backend] [           main] o.s.b.a.ApplicationAvailabilityBean      : Application availability state LivenessState changed to CORRECT
2026-08-14T01:07:54.490+05:30 DEBUG 22184 --- [shopsphere-backend] [           main] org.hibernate.SQL                        : 
    select
        r1_0.id,
        r1_0.name 
    from
        roles r1_0 
    where
        r1_0.name=?
Hibernate: 
    select
        r1_0.id,
        r1_0.name 
    from
        roles r1_0 
    where
        r1_0.name=?
2026-08-14T01:07:54.511+05:30 DEBUG 22184 --- [shopsphere-backend] [           main] org.hibernate.SQL                        : 
    select
        r1_0.id,
        r1_0.name 
    from
        roles r1_0 
    where
        r1_0.name=?
Hibernate: 
    select
        r1_0.id,
        r1_0.name 
    from
        roles r1_0 
    where
        r1_0.name=?
2026-08-14T01:07:54.518+05:30 DEBUG 22184 --- [shopsphere-backend] [           main] org.hibernate.SQL                        : 
    select
        u1_0.id,
        u1_0.created_at,
        u1_0.email,
        u1_0.enabled,
        u1_0.first_name,
        u1_0.last_name,
        u1_0.password,
        u1_0.phone,
        u1_0.updated_at 
    from
        users u1_0 
    where
        u1_0.email=?
Hibernate: 
    select
        u1_0.id,
        u1_0.created_at,
        u1_0.email,
        u1_0.enabled,
        u1_0.first_name,
        u1_0.last_name,
        u1_0.password,
        u1_0.phone,
        u1_0.updated_at 
    from
        users u1_0 
    where
        u1_0.email=?
2026-08-14T01:07:54.528+05:30 DEBUG 22184 --- [shopsphere-backend] [           main] org.hibernate.SQL                        : 
    select
        sp1_0.id,
        sp1_0.business_email,
        sp1_0.business_phone,
        sp1_0.created_at,
        sp1_0.description,
        sp1_0.status,
        sp1_0.store_name,
        sp1_0.tax_id,
        sp1_0.updated_at,
        sp1_0.user_id 
    from
        seller_profiles sp1_0 
    where
        sp1_0.user_id=?
Hibernate: 
    select
        sp1_0.id,
        sp1_0.business_email,
        sp1_0.business_phone,
        sp1_0.created_at,
        sp1_0.description,
        sp1_0.status,
        sp1_0.store_name,
        sp1_0.tax_id,
        sp1_0.updated_at,
        sp1_0.user_id 
    from
        seller_profiles sp1_0 
    where
        sp1_0.user_id=?
2026-08-14T01:07:54.535+05:30 DEBUG 22184 --- [shopsphere-backend] [           main] org.hibernate.SQL                        : 
    select
        r1_0.user_id,
        r1_1.id,
        r1_1.name 
    from
        user_roles r1_0 
    join
        roles r1_1 
            on r1_1.id=r1_0.role_id 
    where
        r1_0.user_id=?
Hibernate: 
    select
        r1_0.user_id,
        r1_1.id,
        r1_1.name 
    from
        user_roles r1_0 
    join
        roles r1_1 
            on r1_1.id=r1_0.role_id 
    where
        r1_0.user_id=?
2026-08-14T01:07:54.547+05:30 DEBUG 22184 --- [shopsphere-backend] [           main] org.hibernate.SQL                        : 
    select
        sp1_0.id,
        sp1_0.business_email,
        sp1_0.business_phone,
        sp1_0.created_at,
        sp1_0.description,
        sp1_0.status,
        sp1_0.store_name,
        sp1_0.tax_id,
        sp1_0.updated_at,
        sp1_0.user_id 
    from
        seller_profiles sp1_0 
    where
        sp1_0.user_id=?
Hibernate: 
    select
        sp1_0.id,
        sp1_0.business_email,
        sp1_0.business_phone,
        sp1_0.created_at,
        sp1_0.description,
        sp1_0.status,
        sp1_0.store_name,
        sp1_0.tax_id,
        sp1_0.updated_at,
        sp1_0.user_id 
    from
        seller_profiles sp1_0 
    where
        sp1_0.user_id=?
2026-08-14T01:07:54.551+05:30 DEBUG 22184 --- [shopsphere-backend] [           main] org.hibernate.SQL                        : 
    select
        c1_0.id,
        c1_0.active,
        c1_0.created_at,
        c1_0.description,
        c1_0.name,
        c1_0.parent_id,
        c1_0.slug,
        c1_0.updated_at 
    from
        categories c1_0 
    where
        c1_0.slug=?
Hibernate: 
    select
        c1_0.id,
        c1_0.active,
        c1_0.created_at,
        c1_0.description,
        c1_0.name,
        c1_0.parent_id,
        c1_0.slug,
        c1_0.updated_at 
    from
        categories c1_0 
    where
        c1_0.slug=?
2026-08-14T01:07:54.557+05:30 DEBUG 22184 --- [shopsphere-backend] [           main] org.hibernate.SQL                        : 
    select
        p1_0.id 
    from
        products p1_0 
    where
        p1_0.sku=? 
    limit
        ?
Hibernate: 
    select
        p1_0.id 
    from
        products p1_0 
    where
        p1_0.sku=? 
    limit
        ?
2026-08-14T01:07:54.561+05:30 DEBUG 22184 --- [shopsphere-backend] [           main] org.hibernate.SQL                        : 
    select
        c1_0.id,
        c1_0.active,
        c1_0.created_at,
        c1_0.description,
        c1_0.name,
        c1_0.parent_id,
        c1_0.slug,
        c1_0.updated_at 
    from
        categories c1_0 
    where
        c1_0.slug=?
Hibernate: 
    select
        c1_0.id,
        c1_0.active,
        c1_0.created_at,
        c1_0.description,
        c1_0.name,
        c1_0.parent_id,
        c1_0.slug,
        c1_0.updated_at 
    from
        categories c1_0 
    where
        c1_0.slug=?
2026-08-14T01:07:54.565+05:30 DEBUG 22184 --- [shopsphere-backend] [           main] org.hibernate.SQL                        : 
    select
        p1_0.id 
    from
        products p1_0 
    where
        p1_0.sku=? 
    limit
        ?
Hibernate: 
    select
        p1_0.id 
    from
        products p1_0 
    where
        p1_0.sku=? 
    limit
        ?
2026-08-14T01:07:54.568+05:30 DEBUG 22184 --- [shopsphere-backend] [           main] org.hibernate.SQL                        : 
    select
        c1_0.id,
        c1_0.active,
        c1_0.created_at,
        c1_0.description,
        c1_0.name,
        c1_0.parent_id,
        c1_0.slug,
        c1_0.updated_at 
    from
        categories c1_0 
    where
        c1_0.slug=?
Hibernate: 
    select
        c1_0.id,
        c1_0.active,
        c1_0.created_at,
        c1_0.description,
        c1_0.name,
        c1_0.parent_id,
        c1_0.slug,
        c1_0.updated_at 
    from
        categories c1_0 
    where
        c1_0.slug=?
2026-08-14T01:07:54.570+05:30 DEBUG 22184 --- [shopsphere-backend] [           main] org.hibernate.SQL                        : 
    select
        p1_0.id 
    from
        products p1_0 
    where
        p1_0.sku=? 
    limit
        ?
Hibernate: 
    select
        p1_0.id 
    from
        products p1_0 
    where
        p1_0.sku=? 
    limit
        ?
2026-08-14T01:07:54.572+05:30 DEBUG 22184 --- [shopsphere-backend] [           main] org.hibernate.SQL                        : 
    select
        c1_0.id,
        c1_0.active,
        c1_0.created_at,
        c1_0.description,
        c1_0.name,
        c1_0.parent_id,
        c1_0.slug,
        c1_0.updated_at 
    from
        categories c1_0 
    where
        c1_0.slug=?
Hibernate: 
    select
        c1_0.id,
        c1_0.active,
        c1_0.created_at,
        c1_0.description,
        c1_0.name,
        c1_0.parent_id,
        c1_0.slug,
        c1_0.updated_at 
    from
        categories c1_0 
    where
        c1_0.slug=?
2026-08-14T01:07:54.576+05:30 DEBUG 22184 --- [shopsphere-backend] [           main] org.hibernate.SQL                        : 
    select
        p1_0.id 
    from
        products p1_0 
    where
        p1_0.sku=? 
    limit
        ?
Hibernate: 
    select
        p1_0.id 
    from
        products p1_0 
    where
        p1_0.sku=? 
    limit
        ?
2026-08-14T01:07:54.579+05:30 DEBUG 22184 --- [shopsphere-backend] [           main] org.hibernate.SQL                        : 
    select
        c1_0.id,
        c1_0.active,
        c1_0.created_at,
        c1_0.description,
        c1_0.name,
        c1_0.parent_id,
        c1_0.slug,
        c1_0.updated_at 
    from
        categories c1_0 
    where
        c1_0.slug=?
Hibernate: 
    select
        c1_0.id,
        c1_0.active,
        c1_0.created_at,
        c1_0.description,
        c1_0.name,
        c1_0.parent_id,
        c1_0.slug,
        c1_0.updated_at 
    from
        categories c1_0 
    where
        c1_0.slug=?
2026-08-14T01:07:54.581+05:30 DEBUG 22184 --- [shopsphere-backend] [           main] org.hibernate.SQL                        : 
    select
        p1_0.id 
    from
        products p1_0 
    where
        p1_0.sku=? 
    limit
        ?
Hibernate: 
    select
        p1_0.id 
    from
        products p1_0 
    where
        p1_0.sku=? 
    limit
        ?
2026-08-14T01:07:54.583+05:30 DEBUG 22184 --- [shopsphere-backend] [           main] org.hibernate.SQL                        : 
    select
        c1_0.id,
        c1_0.active,
        c1_0.created_at,
        c1_0.description,
        c1_0.name,
        c1_0.parent_id,
        c1_0.slug,
        c1_0.updated_at 
    from
        categories c1_0 
    where
        c1_0.slug=?
Hibernate: 
    select
        c1_0.id,
        c1_0.active,
        c1_0.created_at,
        c1_0.description,
        c1_0.name,
        c1_0.parent_id,
        c1_0.slug,
        c1_0.updated_at 
    from
        categories c1_0 
    where
        c1_0.slug=?
2026-08-14T01:07:54.587+05:30 DEBUG 22184 --- [shopsphere-backend] [           main] org.hibernate.SQL                        : 
    select
        p1_0.id 
    from
        products p1_0 
    where
        p1_0.sku=? 
    limit
        ?
Hibernate: 
    select
        p1_0.id 
    from
        products p1_0 
    where
        p1_0.sku=? 
    limit
        ?
2026-08-14T01:07:54.589+05:30 DEBUG 22184 --- [shopsphere-backend] [           main] org.hibernate.SQL                        : 
    select
        c1_0.id,
        c1_0.active,
        c1_0.created_at,
        c1_0.description,
        c1_0.name,
        c1_0.parent_id,
        c1_0.slug,
        c1_0.updated_at 
    from
        categories c1_0 
    where
        c1_0.slug=?
Hibernate: 
    select
        c1_0.id,
        c1_0.active,
        c1_0.created_at,
        c1_0.description,
        c1_0.name,
        c1_0.parent_id,
        c1_0.slug,
        c1_0.updated_at 
    from
        categories c1_0 
    where
        c1_0.slug=?
2026-08-14T01:07:54.592+05:30 DEBUG 22184 --- [shopsphere-backend] [           main] org.hibernate.SQL                        : 
    select
        p1_0.id 
    from
        products p1_0 
    where
        p1_0.sku=? 
    limit
        ?
Hibernate: 
    select
        p1_0.id 
    from
        products p1_0 
    where
        p1_0.sku=? 
    limit
        ?
2026-08-14T01:07:54.594+05:30 DEBUG 22184 --- [shopsphere-backend] [           main] org.hibernate.SQL                        : 
    select
        c1_0.id,
        c1_0.active,
        c1_0.created_at,
        c1_0.description,
        c1_0.name,
        c1_0.parent_id,
        c1_0.slug,
        c1_0.updated_at 
    from
        categories c1_0 
    where
        c1_0.slug=?
Hibernate: 
    select
        c1_0.id,
        c1_0.active,
        c1_0.created_at,
        c1_0.description,
        c1_0.name,
        c1_0.parent_id,
        c1_0.slug,
        c1_0.updated_at 
    from
        categories c1_0 
    where
        c1_0.slug=?
2026-08-14T01:07:54.598+05:30 DEBUG 22184 --- [shopsphere-backend] [           main] org.hibernate.SQL                        : 
    select
        p1_0.id 
    from
        products p1_0 
    where
        p1_0.sku=? 
    limit
        ?
Hibernate: 
    select
        p1_0.id 
    from
        products p1_0 
    where
        p1_0.sku=? 
    limit
        ?
2026-08-14T01:07:54.600+05:30 DEBUG 22184 --- [shopsphere-backend] [           main] org.hibernate.SQL                        : 
    select
        c1_0.id,
        c1_0.active,
        c1_0.created_at,
        c1_0.description,
        c1_0.name,
        c1_0.parent_id,
        c1_0.slug,
        c1_0.updated_at 
    from
        categories c1_0 
    where
        c1_0.slug=?
Hibernate: 
    select
        c1_0.id,
        c1_0.active,
        c1_0.created_at,
        c1_0.description,
        c1_0.name,
        c1_0.parent_id,
        c1_0.slug,
        c1_0.updated_at 
    from
        categories c1_0 
    where
        c1_0.slug=?
2026-08-14T01:07:54.602+05:30 DEBUG 22184 --- [shopsphere-backend] [           main] org.hibernate.SQL                        : 
    select
        p1_0.id 
    from
        products p1_0 
    where
        p1_0.sku=? 
    limit
        ?
Hibernate: 
    select
        p1_0.id 
    from
        products p1_0 
    where
        p1_0.sku=? 
    limit
        ?
2026-08-14T01:07:54.643+05:30 DEBUG 22184 --- [shopsphere-backend] [           main] org.hibernate.SQL                        : 
    insert 
    into
        products
        (active, average_rating, brand, category_id, color, created_at, description, discount_price, price, review_count, seller_profile_id, size, sku, title, updated_at) 
    values
        (?, ?, ?, ?, ?, ?, ?, ?, ?, ?, ?, ?, ?, ?, ?)
Hibernate: 
    insert 
    into
        products
        (active, average_rating, brand, category_id, color, created_at, description, discount_price, price, review_count, seller_profile_id, size, sku, title, updated_at) 
    values
        (?, ?, ?, ?, ?, ?, ?, ?, ?, ?, ?, ?, ?, ?, ?)
2026-08-14T01:07:54.663+05:30 DEBUG 22184 --- [shopsphere-backend] [           main] org.hibernate.SQL                        : 
    insert 
    into
        product_images
        (created_at, display_order, image_url, is_primary, product_id, updated_at) 
    values
        (?, ?, ?, ?, ?, ?)
Hibernate: 
    insert 
    into
        product_images
        (created_at, display_order, image_url, is_primary, product_id, updated_at) 
    values
        (?, ?, ?, ?, ?, ?)
2026-08-14T01:07:54.673+05:30 DEBUG 22184 --- [shopsphere-backend] [           main] org.hibernate.SQL                        : 
    insert 
    into
        inventory
        (available_quantity, created_at, product_id, reserved_quantity, sold_quantity, updated_at, version) 
    values
        (?, ?, ?, ?, ?, ?, ?)
Hibernate: 
    insert 
    into
        inventory
        (available_quantity, created_at, product_id, reserved_quantity, sold_quantity, updated_at, version) 
    values
        (?, ?, ?, ?, ?, ?, ?)
2026-08-14T01:07:54.680+05:30 DEBUG 22184 --- [shopsphere-backend] [           main] org.hibernate.SQL                        : 
    select
        c1_0.id,
        c1_0.active,
        c1_0.created_at,
        c1_0.description,
        c1_0.name,
        c1_0.parent_id,
        c1_0.slug,
        c1_0.updated_at 
    from
        categories c1_0 
    where
        c1_0.slug=?
Hibernate: 
    select
        c1_0.id,
        c1_0.active,
        c1_0.created_at,
        c1_0.description,
        c1_0.name,
        c1_0.parent_id,
        c1_0.slug,
        c1_0.updated_at 
    from
        categories c1_0 
    where
        c1_0.slug=?
2026-08-14T01:07:54.683+05:30 DEBUG 22184 --- [shopsphere-backend] [           main] org.hibernate.SQL                        : 
    select
        p1_0.id 
    from
        products p1_0 
    where
        p1_0.sku=? 
    limit
        ?
Hibernate: 
    select
        p1_0.id 
    from
        products p1_0 
    where
        p1_0.sku=? 
    limit
        ?
2026-08-14T01:07:54.686+05:30 DEBUG 22184 --- [shopsphere-backend] [           main] org.hibernate.SQL                        : 
    insert 
    into
        products
        (active, average_rating, brand, category_id, color, created_at, description, discount_price, price, review_count, seller_profile_id, size, sku, title, updated_at) 
    values
        (?, ?, ?, ?, ?, ?, ?, ?, ?, ?, ?, ?, ?, ?, ?)
Hibernate: 
    insert 
    into
        products
        (active, average_rating, brand, category_id, color, created_at, description, discount_price, price, review_count, seller_profile_id, size, sku, title, updated_at) 
    values
        (?, ?, ?, ?, ?, ?, ?, ?, ?, ?, ?, ?, ?, ?, ?)
2026-08-14T01:07:54.689+05:30 DEBUG 22184 --- [shopsphere-backend] [           main] org.hibernate.SQL                        : 
    insert 
    into
        product_images
        (created_at, display_order, image_url, is_primary, product_id, updated_at) 
    values
        (?, ?, ?, ?, ?, ?)
Hibernate: 
    insert 
    into
        product_images
        (created_at, display_order, image_url, is_primary, product_id, updated_at) 
    values
        (?, ?, ?, ?, ?, ?)
2026-08-14T01:07:54.690+05:30 DEBUG 22184 --- [shopsphere-backend] [           main] org.hibernate.SQL                        : 
    insert 
    into
        inventory
        (available_quantity, created_at, product_id, reserved_quantity, sold_quantity, updated_at, version) 
    values
        (?, ?, ?, ?, ?, ?, ?)
Hibernate: 
    insert 
    into
        inventory
        (available_quantity, created_at, product_id, reserved_quantity, sold_quantity, updated_at, version) 
    values
        (?, ?, ?, ?, ?, ?, ?)
2026-08-14T01:07:54.694+05:30 DEBUG 22184 --- [shopsphere-backend] [           main] org.hibernate.SQL                        : 
    select
        c1_0.id,
        c1_0.active,
        c1_0.created_at,
        c1_0.description,
        c1_0.name,
        c1_0.parent_id,
        c1_0.slug,
        c1_0.updated_at 
    from
        categories c1_0 
    where
        c1_0.slug=?
Hibernate: 
    select
        c1_0.id,
        c1_0.active,
        c1_0.created_at,
        c1_0.description,
        c1_0.name,
        c1_0.parent_id,
        c1_0.slug,
        c1_0.updated_at 
    from
        categories c1_0 
    where
        c1_0.slug=?
2026-08-14T01:07:54.699+05:30 DEBUG 22184 --- [shopsphere-backend] [           main] org.hibernate.SQL                        : 
    select
        p1_0.id 
    from
        products p1_0 
    where
        p1_0.sku=? 
    limit
        ?
Hibernate: 
    select
        p1_0.id 
    from
        products p1_0 
    where
        p1_0.sku=? 
    limit
        ?
2026-08-14T01:07:54.700+05:30 DEBUG 22184 --- [shopsphere-backend] [           main] org.hibernate.SQL                        : 
    insert 
    into
        products
        (active, average_rating, brand, category_id, color, created_at, description, discount_price, price, review_count, seller_profile_id, size, sku, title, updated_at) 
    values
        (?, ?, ?, ?, ?, ?, ?, ?, ?, ?, ?, ?, ?, ?, ?)
Hibernate: 
    insert 
    into
        products
        (active, average_rating, brand, category_id, color, created_at, description, discount_price, price, review_count, seller_profile_id, size, sku, title, updated_at) 
    values
        (?, ?, ?, ?, ?, ?, ?, ?, ?, ?, ?, ?, ?, ?, ?)
2026-08-14T01:07:54.702+05:30 DEBUG 22184 --- [shopsphere-backend] [           main] org.hibernate.SQL                        : 
    insert 
    into
        product_images
        (created_at, display_order, image_url, is_primary, product_id, updated_at) 
    values
        (?, ?, ?, ?, ?, ?)
Hibernate: 
    insert 
    into
        product_images
        (created_at, display_order, image_url, is_primary, product_id, updated_at) 
    values
        (?, ?, ?, ?, ?, ?)
2026-08-14T01:07:54.705+05:30 DEBUG 22184 --- [shopsphere-backend] [           main] org.hibernate.SQL                        : 
    insert 
    into
        inventory
        (available_quantity, created_at, product_id, reserved_quantity, sold_quantity, updated_at, version) 
    values
        (?, ?, ?, ?, ?, ?, ?)
Hibernate: 
    insert 
    into
        inventory
        (available_quantity, created_at, product_id, reserved_quantity, sold_quantity, updated_at, version) 
    values
        (?, ?, ?, ?, ?, ?, ?)
2026-08-14T01:07:54.708+05:30 DEBUG 22184 --- [shopsphere-backend] [           main] org.hibernate.SQL                        : 
    select
        c1_0.id,
        c1_0.active,
        c1_0.created_at,
        c1_0.description,
        c1_0.name,
        c1_0.parent_id,
        c1_0.slug,
        c1_0.updated_at 
    from
        categories c1_0 
    where
        c1_0.slug=?
Hibernate: 
    select
        c1_0.id,
        c1_0.active,
        c1_0.created_at,
        c1_0.description,
        c1_0.name,
        c1_0.parent_id,
        c1_0.slug,
        c1_0.updated_at 
    from
        categories c1_0 
    where
        c1_0.slug=?
2026-08-14T01:07:54.713+05:30 DEBUG 22184 --- [shopsphere-backend] [           main] org.hibernate.SQL                        : 
    insert 
    into
        categories
        (active, created_at, description, name, parent_id, slug, updated_at) 
    values
        (?, ?, ?, ?, ?, ?, ?)
Hibernate: 
    insert 
    into
        categories
        (active, created_at, description, name, parent_id, slug, updated_at) 
    values
        (?, ?, ?, ?, ?, ?, ?)
2026-08-14T01:07:54.718+05:30 DEBUG 22184 --- [shopsphere-backend] [           main] org.hibernate.SQL                        : 
    select
        p1_0.id 
    from
        products p1_0 
    where
        p1_0.sku=? 
    limit
        ?
Hibernate: 
    select
        p1_0.id 
    from
        products p1_0 
    where
        p1_0.sku=? 
    limit
        ?
2026-08-14T01:07:54.719+05:30 DEBUG 22184 --- [shopsphere-backend] [           main] org.hibernate.SQL                        : 
    insert 
    into
        products
        (active, average_rating, brand, category_id, color, created_at, description, discount_price, price, review_count, seller_profile_id, size, sku, title, updated_at) 
    values
        (?, ?, ?, ?, ?, ?, ?, ?, ?, ?, ?, ?, ?, ?, ?)
Hibernate: 
    insert 
    into
        products
        (active, average_rating, brand, category_id, color, created_at, description, discount_price, price, review_count, seller_profile_id, size, sku, title, updated_at) 
    values
        (?, ?, ?, ?, ?, ?, ?, ?, ?, ?, ?, ?, ?, ?, ?)
2026-08-14T01:07:54.721+05:30 DEBUG 22184 --- [shopsphere-backend] [           main] org.hibernate.SQL                        : 
    insert 
    into
        product_images
        (created_at, display_order, image_url, is_primary, product_id, updated_at) 
    values
        (?, ?, ?, ?, ?, ?)
Hibernate: 
    insert 
    into
        product_images
        (created_at, display_order, image_url, is_primary, product_id, updated_at) 
    values
        (?, ?, ?, ?, ?, ?)
2026-08-14T01:07:54.724+05:30 DEBUG 22184 --- [shopsphere-backend] [           main] org.hibernate.SQL                        : 
    insert 
    into
        inventory
        (available_quantity, created_at, product_id, reserved_quantity, sold_quantity, updated_at, version) 
    values
        (?, ?, ?, ?, ?, ?, ?)
Hibernate: 
    insert 
    into
        inventory
        (available_quantity, created_at, product_id, reserved_quantity, sold_quantity, updated_at, version) 
    values
        (?, ?, ?, ?, ?, ?, ?)
2026-08-14T01:07:54.731+05:30 DEBUG 22184 --- [shopsphere-backend] [           main] org.hibernate.SQL                        : 
    select
        c1_0.id,
        c1_0.active,
        c1_0.created_at,
        c1_0.description,
        c1_0.name,
        c1_0.parent_id,
        c1_0.slug,
        c1_0.updated_at 
    from
        categories c1_0 
    where
        c1_0.slug=?
Hibernate: 
    select
        c1_0.id,
        c1_0.active,
        c1_0.created_at,
        c1_0.description,
        c1_0.name,
        c1_0.parent_id,
        c1_0.slug,
        c1_0.updated_at 
    from
        categories c1_0 
    where
        c1_0.slug=?
2026-08-14T01:07:54.736+05:30 DEBUG 22184 --- [shopsphere-backend] [           main] org.hibernate.SQL                        : 
    select
        p1_0.id 
    from
        products p1_0 
    where
        p1_0.sku=? 
    limit
        ?
Hibernate: 
    select
        p1_0.id 
    from
        products p1_0 
    where
        p1_0.sku=? 
    limit
        ?
2026-08-14T01:07:54.738+05:30 DEBUG 22184 --- [shopsphere-backend] [           main] org.hibernate.SQL                        : 
    insert 
    into
        products
        (active, average_rating, brand, category_id, color, created_at, description, discount_price, price, review_count, seller_profile_id, size, sku, title, updated_at) 
    values
        (?, ?, ?, ?, ?, ?, ?, ?, ?, ?, ?, ?, ?, ?, ?)
Hibernate: 
    insert 
    into
        products
        (active, average_rating, brand, category_id, color, created_at, description, discount_price, price, review_count, seller_profile_id, size, sku, title, updated_at) 
    values
        (?, ?, ?, ?, ?, ?, ?, ?, ?, ?, ?, ?, ?, ?, ?)
2026-08-14T01:07:54.740+05:30 DEBUG 22184 --- [shopsphere-backend] [           main] org.hibernate.SQL                        : 
    insert 
    into
        product_images
        (created_at, display_order, image_url, is_primary, product_id, updated_at) 
    values
        (?, ?, ?, ?, ?, ?)
Hibernate: 
    insert 
    into
        product_images
        (created_at, display_order, image_url, is_primary, product_id, updated_at) 
    values
        (?, ?, ?, ?, ?, ?)
2026-08-14T01:07:54.743+05:30 DEBUG 22184 --- [shopsphere-backend] [           main] org.hibernate.SQL                        : 
    insert 
    into
        inventory
        (available_quantity, created_at, product_id, reserved_quantity, sold_quantity, updated_at, version) 
    values
        (?, ?, ?, ?, ?, ?, ?)
Hibernate: 
    insert 
    into
        inventory
        (available_quantity, created_at, product_id, reserved_quantity, sold_quantity, updated_at, version) 
    values
        (?, ?, ?, ?, ?, ?, ?)
2026-08-14T01:07:54.747+05:30 DEBUG 22184 --- [shopsphere-backend] [           main] org.hibernate.SQL                        : 
    select
        c1_0.id,
        c1_0.active,
        c1_0.created_at,
        c1_0.description,
        c1_0.name,
        c1_0.parent_id,
        c1_0.slug,
        c1_0.updated_at 
    from
        categories c1_0 
    where
        c1_0.slug=?
Hibernate: 
    select
        c1_0.id,
        c1_0.active,
        c1_0.created_at,
        c1_0.description,
        c1_0.name,
        c1_0.parent_id,
        c1_0.slug,
        c1_0.updated_at 
    from
        categories c1_0 
    where
        c1_0.slug=?
2026-08-14T01:07:54.750+05:30 DEBUG 22184 --- [shopsphere-backend] [           main] org.hibernate.SQL                        : 
    select
        p1_0.id 
    from
        products p1_0 
    where
        p1_0.sku=? 
    limit
        ?
Hibernate: 
    select
        p1_0.id 
    from
        products p1_0 
    where
        p1_0.sku=? 
    limit
        ?
2026-08-14T01:07:54.752+05:30 DEBUG 22184 --- [shopsphere-backend] [           main] org.hibernate.SQL                        : 
    insert 
    into
        products
        (active, average_rating, brand, category_id, color, created_at, description, discount_price, price, review_count, seller_profile_id, size, sku, title, updated_at) 
    values
        (?, ?, ?, ?, ?, ?, ?, ?, ?, ?, ?, ?, ?, ?, ?)
Hibernate: 
    insert 
    into
        products
        (active, average_rating, brand, category_id, color, created_at, description, discount_price, price, review_count, seller_profile_id, size, sku, title, updated_at) 
    values
        (?, ?, ?, ?, ?, ?, ?, ?, ?, ?, ?, ?, ?, ?, ?)
2026-08-14T01:07:54.754+05:30 DEBUG 22184 --- [shopsphere-backend] [           main] org.hibernate.SQL                        : 
    insert 
    into
        product_images
        (created_at, display_order, image_url, is_primary, product_id, updated_at) 
    values
        (?, ?, ?, ?, ?, ?)
Hibernate: 
    insert 
    into
        product_images
        (created_at, display_order, image_url, is_primary, product_id, updated_at) 
    values
        (?, ?, ?, ?, ?, ?)
2026-08-14T01:07:54.757+05:30 DEBUG 22184 --- [shopsphere-backend] [           main] org.hibernate.SQL                        : 
    insert 
    into
        inventory
        (available_quantity, created_at, product_id, reserved_quantity, sold_quantity, updated_at, version) 
    values
        (?, ?, ?, ?, ?, ?, ?)
Hibernate: 
    insert 
    into
        inventory
        (available_quantity, created_at, product_id, reserved_quantity, sold_quantity, updated_at, version) 
    values
        (?, ?, ?, ?, ?, ?, ?)
2026-08-14T01:07:54.760+05:30 DEBUG 22184 --- [shopsphere-backend] [           main] org.hibernate.SQL                        : 
    select
        c1_0.id,
        c1_0.active,
        c1_0.created_at,
        c1_0.description,
        c1_0.name,
        c1_0.parent_id,
        c1_0.slug,
        c1_0.updated_at 
    from
        categories c1_0 
    where
        c1_0.slug=?
Hibernate: 
    select
        c1_0.id,
        c1_0.active,
        c1_0.created_at,
        c1_0.description,
        c1_0.name,
        c1_0.parent_id,
        c1_0.slug,
        c1_0.updated_at 
    from
        categories c1_0 
    where
        c1_0.slug=?
2026-08-14T01:07:54.764+05:30 DEBUG 22184 --- [shopsphere-backend] [           main] org.hibernate.SQL                        : 
    select
        p1_0.id 
    from
        products p1_0 
    where
        p1_0.sku=? 
    limit
        ?
Hibernate: 
    select
        p1_0.id 
    from
        products p1_0 
    where
        p1_0.sku=? 
    limit
        ?
2026-08-14T01:07:54.766+05:30 DEBUG 22184 --- [shopsphere-backend] [           main] org.hibernate.SQL                        : 
    insert 
    into
        products
        (active, average_rating, brand, category_id, color, created_at, description, discount_price, price, review_count, seller_profile_id, size, sku, title, updated_at) 
    values
        (?, ?, ?, ?, ?, ?, ?, ?, ?, ?, ?, ?, ?, ?, ?)
Hibernate: 
    insert 
    into
        products
        (active, average_rating, brand, category_id, color, created_at, description, discount_price, price, review_count, seller_profile_id, size, sku, title, updated_at) 
    values
        (?, ?, ?, ?, ?, ?, ?, ?, ?, ?, ?, ?, ?, ?, ?)
2026-08-14T01:07:54.769+05:30 DEBUG 22184 --- [shopsphere-backend] [           main] org.hibernate.SQL                        : 
    insert 
    into
        product_images
        (created_at, display_order, image_url, is_primary, product_id, updated_at) 
    values
        (?, ?, ?, ?, ?, ?)
Hibernate: 
    insert 
    into
        product_images
        (created_at, display_order, image_url, is_primary, product_id, updated_at) 
    values
        (?, ?, ?, ?, ?, ?)
2026-08-14T01:07:54.771+05:30 DEBUG 22184 --- [shopsphere-backend] [           main] org.hibernate.SQL                        : 
    insert 
    into
        inventory
        (available_quantity, created_at, product_id, reserved_quantity, sold_quantity, updated_at, version) 
    values
        (?, ?, ?, ?, ?, ?, ?)
Hibernate: 
    insert 
    into
        inventory
        (available_quantity, created_at, product_id, reserved_quantity, sold_quantity, updated_at, version) 
    values
        (?, ?, ?, ?, ?, ?, ?)
2026-08-14T01:07:54.775+05:30 DEBUG 22184 --- [shopsphere-backend] [           main] org.hibernate.SQL                        : 
    select
        c1_0.id,
        c1_0.active,
        c1_0.created_at,
        c1_0.description,
        c1_0.name,
        c1_0.parent_id,
        c1_0.slug,
        c1_0.updated_at 
    from
        categories c1_0 
    where
        c1_0.slug=?
Hibernate: 
    select
        c1_0.id,
        c1_0.active,
        c1_0.created_at,
        c1_0.description,
        c1_0.name,
        c1_0.parent_id,
        c1_0.slug,
        c1_0.updated_at 
    from
        categories c1_0 
    where
        c1_0.slug=?
2026-08-14T01:07:54.779+05:30 DEBUG 22184 --- [shopsphere-backend] [           main] org.hibernate.SQL                        : 
    select
        p1_0.id 
    from
        products p1_0 
    where
        p1_0.sku=? 
    limit
        ?
Hibernate: 
    select
        p1_0.id 
    from
        products p1_0 
    where
        p1_0.sku=? 
    limit
        ?
2026-08-14T01:07:54.781+05:30 DEBUG 22184 --- [shopsphere-backend] [           main] org.hibernate.SQL                        : 
    insert 
    into
        products
        (active, average_rating, brand, category_id, color, created_at, description, discount_price, price, review_count, seller_profile_id, size, sku, title, updated_at) 
    values
        (?, ?, ?, ?, ?, ?, ?, ?, ?, ?, ?, ?, ?, ?, ?)
Hibernate: 
    insert 
    into
        products
        (active, average_rating, brand, category_id, color, created_at, description, discount_price, price, review_count, seller_profile_id, size, sku, title, updated_at) 
    values
        (?, ?, ?, ?, ?, ?, ?, ?, ?, ?, ?, ?, ?, ?, ?)
2026-08-14T01:07:54.783+05:30 DEBUG 22184 --- [shopsphere-backend] [           main] org.hibernate.SQL                        : 
    insert 
    into
        product_images
        (created_at, display_order, image_url, is_primary, product_id, updated_at) 
    values
        (?, ?, ?, ?, ?, ?)
Hibernate: 
    insert 
    into
        product_images
        (created_at, display_order, image_url, is_primary, product_id, updated_at) 
    values
        (?, ?, ?, ?, ?, ?)
2026-08-14T01:07:54.785+05:30 DEBUG 22184 --- [shopsphere-backend] [           main] org.hibernate.SQL                        : 
    insert 
    into
        inventory
        (available_quantity, created_at, product_id, reserved_quantity, sold_quantity, updated_at, version) 
    values
        (?, ?, ?, ?, ?, ?, ?)
Hibernate: 
    insert 
    into
        inventory
        (available_quantity, created_at, product_id, reserved_quantity, sold_quantity, updated_at, version) 
    values
        (?, ?, ?, ?, ?, ?, ?)
2026-08-14T01:07:54.790+05:30 DEBUG 22184 --- [shopsphere-backend] [           main] org.hibernate.SQL                        : 
    select
        c1_0.id,
        c1_0.active,
        c1_0.created_at,
        c1_0.description,
        c1_0.name,
        c1_0.parent_id,
        c1_0.slug,
        c1_0.updated_at 
    from
        categories c1_0 
    where
        c1_0.slug=?
Hibernate: 
    select
        c1_0.id,
        c1_0.active,
        c1_0.created_at,
        c1_0.description,
        c1_0.name,
        c1_0.parent_id,
        c1_0.slug,
        c1_0.updated_at 
    from
        categories c1_0 
    where
        c1_0.slug=?
2026-08-14T01:07:54.793+05:30 DEBUG 22184 --- [shopsphere-backend] [           main] org.hibernate.SQL                        : 
    select
        p1_0.id 
    from
        products p1_0 
    where
        p1_0.sku=? 
    limit
        ?
Hibernate: 
    select
        p1_0.id 
    from
        products p1_0 
    where
        p1_0.sku=? 
    limit
        ?
2026-08-14T01:07:54.795+05:30 DEBUG 22184 --- [shopsphere-backend] [           main] org.hibernate.SQL                        : 
    insert 
    into
        products
        (active, average_rating, brand, category_id, color, created_at, description, discount_price, price, review_count, seller_profile_id, size, sku, title, updated_at) 
    values
        (?, ?, ?, ?, ?, ?, ?, ?, ?, ?, ?, ?, ?, ?, ?)
Hibernate: 
    insert 
    into
        products
        (active, average_rating, brand, category_id, color, created_at, description, discount_price, price, review_count, seller_profile_id, size, sku, title, updated_at) 
    values
        (?, ?, ?, ?, ?, ?, ?, ?, ?, ?, ?, ?, ?, ?, ?)
2026-08-14T01:07:54.797+05:30 DEBUG 22184 --- [shopsphere-backend] [           main] org.hibernate.SQL                        : 
    insert 
    into
        product_images
        (created_at, display_order, image_url, is_primary, product_id, updated_at) 
    values
        (?, ?, ?, ?, ?, ?)
Hibernate: 
    insert 
    into
        product_images
        (created_at, display_order, image_url, is_primary, product_id, updated_at) 
    values
        (?, ?, ?, ?, ?, ?)
2026-08-14T01:07:54.800+05:30 DEBUG 22184 --- [shopsphere-backend] [           main] org.hibernate.SQL                        : 
    insert 
    into
        inventory
        (available_quantity, created_at, product_id, reserved_quantity, sold_quantity, updated_at, version) 
    values
        (?, ?, ?, ?, ?, ?, ?)
Hibernate: 
    insert 
    into
        inventory
        (available_quantity, created_at, product_id, reserved_quantity, sold_quantity, updated_at, version) 
    values
        (?, ?, ?, ?, ?, ?, ?)
2026-08-14T01:07:54.802+05:30 DEBUG 22184 --- [shopsphere-backend] [           main] org.hibernate.SQL                        : 
    select
        c1_0.id,
        c1_0.active,
        c1_0.created_at,
        c1_0.description,
        c1_0.name,
        c1_0.parent_id,
        c1_0.slug,
        c1_0.updated_at 
    from
        categories c1_0 
    where
        c1_0.slug=?
Hibernate: 
    select
        c1_0.id,
        c1_0.active,
        c1_0.created_at,
        c1_0.description,
        c1_0.name,
        c1_0.parent_id,
        c1_0.slug,
        c1_0.updated_at 
    from
        categories c1_0 
    where
        c1_0.slug=?
2026-08-14T01:07:54.805+05:30 DEBUG 22184 --- [shopsphere-backend] [           main] org.hibernate.SQL                        : 
    insert 
    into
        categories
        (active, created_at, description, name, parent_id, slug, updated_at) 
    values
        (?, ?, ?, ?, ?, ?, ?)
Hibernate: 
    insert 
    into
        categories
        (active, created_at, description, name, parent_id, slug, updated_at) 
    values
        (?, ?, ?, ?, ?, ?, ?)
2026-08-14T01:07:54.808+05:30 DEBUG 22184 --- [shopsphere-backend] [           main] org.hibernate.SQL                        : 
    select
        p1_0.id 
    from
        products p1_0 
    where
        p1_0.sku=? 
    limit
        ?
Hibernate: 
    select
        p1_0.id 
    from
        products p1_0 
    where
        p1_0.sku=? 
    limit
        ?
2026-08-14T01:07:54.810+05:30 DEBUG 22184 --- [shopsphere-backend] [           main] org.hibernate.SQL                        : 
    insert 
    into
        products
        (active, average_rating, brand, category_id, color, created_at, description, discount_price, price, review_count, seller_profile_id, size, sku, title, updated_at) 
    values
        (?, ?, ?, ?, ?, ?, ?, ?, ?, ?, ?, ?, ?, ?, ?)
Hibernate: 
    insert 
    into
        products
        (active, average_rating, brand, category_id, color, created_at, description, discount_price, price, review_count, seller_profile_id, size, sku, title, updated_at) 
    values
        (?, ?, ?, ?, ?, ?, ?, ?, ?, ?, ?, ?, ?, ?, ?)
2026-08-14T01:07:54.813+05:30 DEBUG 22184 --- [shopsphere-backend] [           main] org.hibernate.SQL                        : 
    insert 
    into
        product_images
        (created_at, display_order, image_url, is_primary, product_id, updated_at) 
    values
        (?, ?, ?, ?, ?, ?)
Hibernate: 
    insert 
    into
        product_images
        (created_at, display_order, image_url, is_primary, product_id, updated_at) 
    values
        (?, ?, ?, ?, ?, ?)
2026-08-14T01:07:54.815+05:30 DEBUG 22184 --- [shopsphere-backend] [           main] org.hibernate.SQL                        : 
    insert 
    into
        inventory
        (available_quantity, created_at, product_id, reserved_quantity, sold_quantity, updated_at, version) 
    values
        (?, ?, ?, ?, ?, ?, ?)
Hibernate: 
    insert 
    into
        inventory
        (available_quantity, created_at, product_id, reserved_quantity, sold_quantity, updated_at, version) 
    values
        (?, ?, ?, ?, ?, ?, ?)
2026-08-14T01:07:54.818+05:30 DEBUG 22184 --- [shopsphere-backend] [           main] org.hibernate.SQL                        : 
    select
        c1_0.id,
        c1_0.active,
        c1_0.created_at,
        c1_0.description,
        c1_0.name,
        c1_0.parent_id,
        c1_0.slug,
        c1_0.updated_at 
    from
        categories c1_0 
    where
        c1_0.slug=?
Hibernate: 
    select
        c1_0.id,
        c1_0.active,
        c1_0.created_at,
        c1_0.description,
        c1_0.name,
        c1_0.parent_id,
        c1_0.slug,
        c1_0.updated_at 
    from
        categories c1_0 
    where
        c1_0.slug=?
2026-08-14T01:07:54.821+05:30 DEBUG 22184 --- [shopsphere-backend] [           main] org.hibernate.SQL                        : 
    select
        p1_0.id 
    from
        products p1_0 
    where
        p1_0.sku=? 
    limit
        ?
Hibernate: 
    select
        p1_0.id 
    from
        products p1_0 
    where
        p1_0.sku=? 
    limit
        ?
2026-08-14T01:07:54.823+05:30 DEBUG 22184 --- [shopsphere-backend] [           main] org.hibernate.SQL                        : 
    insert 
    into
        products
        (active, average_rating, brand, category_id, color, created_at, description, discount_price, price, review_count, seller_profile_id, size, sku, title, updated_at) 
    values
        (?, ?, ?, ?, ?, ?, ?, ?, ?, ?, ?, ?, ?, ?, ?)
Hibernate: 
    insert 
    into
        products
        (active, average_rating, brand, category_id, color, created_at, description, discount_price, price, review_count, seller_profile_id, size, sku, title, updated_at) 
    values
        (?, ?, ?, ?, ?, ?, ?, ?, ?, ?, ?, ?, ?, ?, ?)
2026-08-14T01:07:54.825+05:30 DEBUG 22184 --- [shopsphere-backend] [           main] org.hibernate.SQL                        : 
    insert 
    into
        product_images
        (created_at, display_order, image_url, is_primary, product_id, updated_at) 
    values
        (?, ?, ?, ?, ?, ?)
Hibernate: 
    insert 
    into
        product_images
        (created_at, display_order, image_url, is_primary, product_id, updated_at) 
    values
        (?, ?, ?, ?, ?, ?)
2026-08-14T01:07:54.828+05:30 DEBUG 22184 --- [shopsphere-backend] [           main] org.hibernate.SQL                        : 
    insert 
    into
        inventory
        (available_quantity, created_at, product_id, reserved_quantity, sold_quantity, updated_at, version) 
    values
        (?, ?, ?, ?, ?, ?, ?)
Hibernate: 
    insert 
    into
        inventory
        (available_quantity, created_at, product_id, reserved_quantity, sold_quantity, updated_at, version) 
    values
        (?, ?, ?, ?, ?, ?, ?)
2026-08-14T01:07:54.833+05:30 DEBUG 22184 --- [shopsphere-backend] [           main] org.hibernate.SQL                        : 
    select
        c1_0.id,
        c1_0.active,
        c1_0.created_at,
        c1_0.description,
        c1_0.name,
        c1_0.parent_id,
        c1_0.slug,
        c1_0.updated_at 
    from
        categories c1_0 
    where
        c1_0.slug=?
Hibernate: 
    select
        c1_0.id,
        c1_0.active,
        c1_0.created_at,
        c1_0.description,
        c1_0.name,
        c1_0.parent_id,
        c1_0.slug,
        c1_0.updated_at 
    from
        categories c1_0 
    where
        c1_0.slug=?
2026-08-14T01:07:54.835+05:30 DEBUG 22184 --- [shopsphere-backend] [           main] org.hibernate.SQL                        : 
    insert 
    into
        categories
        (active, created_at, description, name, parent_id, slug, updated_at) 
    values
        (?, ?, ?, ?, ?, ?, ?)
Hibernate: 
    insert 
    into
        categories
        (active, created_at, description, name, parent_id, slug, updated_at) 
    values
        (?, ?, ?, ?, ?, ?, ?)
2026-08-14T01:07:54.839+05:30 DEBUG 22184 --- [shopsphere-backend] [           main] org.hibernate.SQL                        : 
    select
        p1_0.id 
    from
        products p1_0 
    where
        p1_0.sku=? 
    limit
        ?
Hibernate: 
    select
        p1_0.id 
    from
        products p1_0 
    where
        p1_0.sku=? 
    limit
        ?
2026-08-14T01:07:54.841+05:30 DEBUG 22184 --- [shopsphere-backend] [           main] org.hibernate.SQL                        : 
    insert 
    into
        products
        (active, average_rating, brand, category_id, color, created_at, description, discount_price, price, review_count, seller_profile_id, size, sku, title, updated_at) 
    values
        (?, ?, ?, ?, ?, ?, ?, ?, ?, ?, ?, ?, ?, ?, ?)
Hibernate: 
    insert 
    into
        products
        (active, average_rating, brand, category_id, color, created_at, description, discount_price, price, review_count, seller_profile_id, size, sku, title, updated_at) 
    values
        (?, ?, ?, ?, ?, ?, ?, ?, ?, ?, ?, ?, ?, ?, ?)
2026-08-14T01:07:54.843+05:30 DEBUG 22184 --- [shopsphere-backend] [           main] org.hibernate.SQL                        : 
    insert 
    into
        product_images
        (created_at, display_order, image_url, is_primary, product_id, updated_at) 
    values
        (?, ?, ?, ?, ?, ?)
Hibernate: 
    insert 
    into
        product_images
        (created_at, display_order, image_url, is_primary, product_id, updated_at) 
    values
        (?, ?, ?, ?, ?, ?)
2026-08-14T01:07:54.846+05:30 DEBUG 22184 --- [shopsphere-backend] [           main] org.hibernate.SQL                        : 
    insert 
    into
        inventory
        (available_quantity, created_at, product_id, reserved_quantity, sold_quantity, updated_at, version) 
    values
        (?, ?, ?, ?, ?, ?, ?)
Hibernate: 
    insert 
    into
        inventory
        (available_quantity, created_at, product_id, reserved_quantity, sold_quantity, updated_at, version) 
    values
        (?, ?, ?, ?, ?, ?, ?)
2026-08-14T01:07:54.850+05:30 DEBUG 22184 --- [shopsphere-backend] [           main] org.hibernate.SQL                        : 
    select
        c1_0.id,
        c1_0.active,
        c1_0.created_at,
        c1_0.description,
        c1_0.name,
        c1_0.parent_id,
        c1_0.slug,
        c1_0.updated_at 
    from
        categories c1_0 
    where
        c1_0.slug=?
Hibernate: 
    select
        c1_0.id,
        c1_0.active,
        c1_0.created_at,
        c1_0.description,
        c1_0.name,
        c1_0.parent_id,
        c1_0.slug,
        c1_0.updated_at 
    from
        categories c1_0 
    where
        c1_0.slug=?
2026-08-14T01:07:54.852+05:30 DEBUG 22184 --- [shopsphere-backend] [           main] org.hibernate.SQL                        : 
    select
        p1_0.id 
    from
        products p1_0 
    where
        p1_0.sku=? 
    limit
        ?
Hibernate: 
    select
        p1_0.id 
    from
        products p1_0 
    where
        p1_0.sku=? 
    limit
        ?
2026-08-14T01:07:54.854+05:30 DEBUG 22184 --- [shopsphere-backend] [           main] org.hibernate.SQL                        : 
    insert 
    into
        products
        (active, average_rating, brand, category_id, color, created_at, description, discount_price, price, review_count, seller_profile_id, size, sku, title, updated_at) 
    values
        (?, ?, ?, ?, ?, ?, ?, ?, ?, ?, ?, ?, ?, ?, ?)
Hibernate: 
    insert 
    into
        products
        (active, average_rating, brand, category_id, color, created_at, description, discount_price, price, review_count, seller_profile_id, size, sku, title, updated_at) 
    values
        (?, ?, ?, ?, ?, ?, ?, ?, ?, ?, ?, ?, ?, ?, ?)
2026-08-14T01:07:54.856+05:30 DEBUG 22184 --- [shopsphere-backend] [           main] org.hibernate.SQL                        : 
    insert 
    into
        product_images
        (created_at, display_order, image_url, is_primary, product_id, updated_at) 
    values
        (?, ?, ?, ?, ?, ?)
Hibernate: 
    insert 
    into
        product_images
        (created_at, display_order, image_url, is_primary, product_id, updated_at) 
    values
        (?, ?, ?, ?, ?, ?)
2026-08-14T01:07:54.858+05:30 DEBUG 22184 --- [shopsphere-backend] [           main] org.hibernate.SQL                        : 
    insert 
    into
        inventory
        (available_quantity, created_at, product_id, reserved_quantity, sold_quantity, updated_at, version) 
    values
        (?, ?, ?, ?, ?, ?, ?)
Hibernate: 
    insert 
    into
        inventory
        (available_quantity, created_at, product_id, reserved_quantity, sold_quantity, updated_at, version) 
    values
        (?, ?, ?, ?, ?, ?, ?)
2026-08-14T01:07:54.862+05:30 DEBUG 22184 --- [shopsphere-backend] [           main] org.hibernate.SQL                        : 
    select
        c1_0.id,
        c1_0.active,
        c1_0.created_at,
        c1_0.description,
        c1_0.name,
        c1_0.parent_id,
        c1_0.slug,
        c1_0.updated_at 
    from
        categories c1_0 
    where
        c1_0.slug=?
Hibernate: 
    select
        c1_0.id,
        c1_0.active,
        c1_0.created_at,
        c1_0.description,
        c1_0.name,
        c1_0.parent_id,
        c1_0.slug,
        c1_0.updated_at 
    from
        categories c1_0 
    where
        c1_0.slug=?
2026-08-14T01:07:54.864+05:30 DEBUG 22184 --- [shopsphere-backend] [           main] org.hibernate.SQL                        : 
    insert 
    into
        categories
        (active, created_at, description, name, parent_id, slug, updated_at) 
    values
        (?, ?, ?, ?, ?, ?, ?)
Hibernate: 
    insert 
    into
        categories
        (active, created_at, description, name, parent_id, slug, updated_at) 
    values
        (?, ?, ?, ?, ?, ?, ?)
2026-08-14T01:07:54.868+05:30 DEBUG 22184 --- [shopsphere-backend] [           main] org.hibernate.SQL                        : 
    select
        p1_0.id 
    from
        products p1_0 
    where
        p1_0.sku=? 
    limit
        ?
Hibernate: 
    select
        p1_0.id 
    from
        products p1_0 
    where
        p1_0.sku=? 
    limit
        ?
2026-08-14T01:07:54.869+05:30 DEBUG 22184 --- [shopsphere-backend] [           main] org.hibernate.SQL                        : 
    insert 
    into
        products
        (active, average_rating, brand, category_id, color, created_at, description, discount_price, price, review_count, seller_profile_id, size, sku, title, updated_at) 
    values
        (?, ?, ?, ?, ?, ?, ?, ?, ?, ?, ?, ?, ?, ?, ?)
Hibernate: 
    insert 
    into
        products
        (active, average_rating, brand, category_id, color, created_at, description, discount_price, price, review_count, seller_profile_id, size, sku, title, updated_at) 
    values
        (?, ?, ?, ?, ?, ?, ?, ?, ?, ?, ?, ?, ?, ?, ?)
2026-08-14T01:07:54.871+05:30 DEBUG 22184 --- [shopsphere-backend] [           main] org.hibernate.SQL                        : 
    insert 
    into
        product_images
        (created_at, display_order, image_url, is_primary, product_id, updated_at) 
    values
        (?, ?, ?, ?, ?, ?)
Hibernate: 
    insert 
    into
        product_images
        (created_at, display_order, image_url, is_primary, product_id, updated_at) 
    values
        (?, ?, ?, ?, ?, ?)
2026-08-14T01:07:54.873+05:30 DEBUG 22184 --- [shopsphere-backend] [           main] org.hibernate.SQL                        : 
    insert 
    into
        inventory
        (available_quantity, created_at, product_id, reserved_quantity, sold_quantity, updated_at, version) 
    values
        (?, ?, ?, ?, ?, ?, ?)
Hibernate: 
    insert 
    into
        inventory
        (available_quantity, created_at, product_id, reserved_quantity, sold_quantity, updated_at, version) 
    values
        (?, ?, ?, ?, ?, ?, ?)
2026-08-14T01:07:54.877+05:30 DEBUG 22184 --- [shopsphere-backend] [           main] org.hibernate.SQL                        : 
    select
        c1_0.id,
        c1_0.active,
        c1_0.created_at,
        c1_0.description,
        c1_0.name,
        c1_0.parent_id,
        c1_0.slug,
        c1_0.updated_at 
    from
        categories c1_0 
    where
        c1_0.slug=?
Hibernate: 
    select
        c1_0.id,
        c1_0.active,
        c1_0.created_at,
        c1_0.description,
        c1_0.name,
        c1_0.parent_id,
        c1_0.slug,
        c1_0.updated_at 
    from
        categories c1_0 
    where
        c1_0.slug=?
2026-08-14T01:07:54.880+05:30 DEBUG 22184 --- [shopsphere-backend] [           main] org.hibernate.SQL                        : 
    select
        p1_0.id 
    from
        products p1_0 
    where
        p1_0.sku=? 
    limit
        ?
Hibernate: 
    select
        p1_0.id 
    from
        products p1_0 
    where
        p1_0.sku=? 
    limit
        ?
2026-08-14T01:07:54.882+05:30 DEBUG 22184 --- [shopsphere-backend] [           main] org.hibernate.SQL                        : 
    insert 
    into
        products
        (active, average_rating, brand, category_id, color, created_at, description, discount_price, price, review_count, seller_profile_id, size, sku, title, updated_at) 
    values
        (?, ?, ?, ?, ?, ?, ?, ?, ?, ?, ?, ?, ?, ?, ?)
Hibernate: 
    insert 
    into
        products
        (active, average_rating, brand, category_id, color, created_at, description, discount_price, price, review_count, seller_profile_id, size, sku, title, updated_at) 
    values
        (?, ?, ?, ?, ?, ?, ?, ?, ?, ?, ?, ?, ?, ?, ?)
2026-08-14T01:07:54.884+05:30 DEBUG 22184 --- [shopsphere-backend] [           main] org.hibernate.SQL                        : 
    insert 
    into
        product_images
        (created_at, display_order, image_url, is_primary, product_id, updated_at) 
    values
        (?, ?, ?, ?, ?, ?)
Hibernate: 
    insert 
    into
        product_images
        (created_at, display_order, image_url, is_primary, product_id, updated_at) 
    values
        (?, ?, ?, ?, ?, ?)
2026-08-14T01:07:54.886+05:30 DEBUG 22184 --- [shopsphere-backend] [           main] org.hibernate.SQL                        : 
    insert 
    into
        inventory
        (available_quantity, created_at, product_id, reserved_quantity, sold_quantity, updated_at, version) 
    values
        (?, ?, ?, ?, ?, ?, ?)
Hibernate: 
    insert 
    into
        inventory
        (available_quantity, created_at, product_id, reserved_quantity, sold_quantity, updated_at, version) 
    values
        (?, ?, ?, ?, ?, ?, ?)
2026-08-14T01:07:54.889+05:30 DEBUG 22184 --- [shopsphere-backend] [           main] org.hibernate.SQL                        : 
    select
        c1_0.id,
        c1_0.active,
        c1_0.created_at,
        c1_0.description,
        c1_0.name,
        c1_0.parent_id,
        c1_0.slug,
        c1_0.updated_at 
    from
        categories c1_0 
    where
        c1_0.slug=?
Hibernate: 
    select
        c1_0.id,
        c1_0.active,
        c1_0.created_at,
        c1_0.description,
        c1_0.name,
        c1_0.parent_id,
        c1_0.slug,
        c1_0.updated_at 
    from
        categories c1_0 
    where
        c1_0.slug=?
2026-08-14T01:07:54.891+05:30 DEBUG 22184 --- [shopsphere-backend] [           main] org.hibernate.SQL                        : 
    insert 
    into
        categories
        (active, created_at, description, name, parent_id, slug, updated_at) 
    values
        (?, ?, ?, ?, ?, ?, ?)
Hibernate: 
    insert 
    into
        categories
        (active, created_at, description, name, parent_id, slug, updated_at) 
    values
        (?, ?, ?, ?, ?, ?, ?)
2026-08-14T01:07:54.895+05:30 DEBUG 22184 --- [shopsphere-backend] [           main] org.hibernate.SQL                        : 
    select
        p1_0.id 
    from
        products p1_0 
    where
        p1_0.sku=? 
    limit
        ?
Hibernate: 
    select
        p1_0.id 
    from
        products p1_0 
    where
        p1_0.sku=? 
    limit
        ?
2026-08-14T01:07:54.897+05:30 DEBUG 22184 --- [shopsphere-backend] [           main] org.hibernate.SQL                        : 
    insert 
    into
        products
        (active, average_rating, brand, category_id, color, created_at, description, discount_price, price, review_count, seller_profile_id, size, sku, title, updated_at) 
    values
        (?, ?, ?, ?, ?, ?, ?, ?, ?, ?, ?, ?, ?, ?, ?)
Hibernate: 
    insert 
    into
        products
        (active, average_rating, brand, category_id, color, created_at, description, discount_price, price, review_count, seller_profile_id, size, sku, title, updated_at) 
    values
        (?, ?, ?, ?, ?, ?, ?, ?, ?, ?, ?, ?, ?, ?, ?)
2026-08-14T01:07:54.899+05:30 DEBUG 22184 --- [shopsphere-backend] [           main] org.hibernate.SQL                        : 
    insert 
    into
        product_images
        (created_at, display_order, image_url, is_primary, product_id, updated_at) 
    values
        (?, ?, ?, ?, ?, ?)
Hibernate: 
    insert 
    into
        product_images
        (created_at, display_order, image_url, is_primary, product_id, updated_at) 
    values
        (?, ?, ?, ?, ?, ?)
2026-08-14T01:07:54.901+05:30 DEBUG 22184 --- [shopsphere-backend] [           main] org.hibernate.SQL                        : 
    insert 
    into
        inventory
        (available_quantity, created_at, product_id, reserved_quantity, sold_quantity, updated_at, version) 
    values
        (?, ?, ?, ?, ?, ?, ?)
Hibernate: 
    insert 
    into
        inventory
        (available_quantity, created_at, product_id, reserved_quantity, sold_quantity, updated_at, version) 
    values
        (?, ?, ?, ?, ?, ?, ?)
2026-08-14T01:07:54.908+05:30 DEBUG 22184 --- [shopsphere-backend] [           main] o.s.b.a.ApplicationAvailabilityBean      : Application availability state ReadinessState changed to ACCEPTING_TRAFFIC
2026-08-14T01:08:18.626+05:30  INFO 22184 --- [shopsphere-backend] [nio-8081-exec-1] o.a.c.c.C.[Tomcat].[localhost].[/]       : Initializing Spring DispatcherServlet 'dispatcherServlet'
2026-08-14T01:08:18.626+05:30  INFO 22184 --- [shopsphere-backend] [nio-8081-exec-1] o.s.web.servlet.DispatcherServlet        : Initializing Servlet 'dispatcherServlet'
2026-08-14T01:08:18.627+05:30 DEBUG 22184 --- [shopsphere-backend] [nio-8081-exec-1] o.s.web.servlet.DispatcherServlet        : Detected StandardServletMultipartResolver
2026-08-14T01:08:18.629+05:30 DEBUG 22184 --- [shopsphere-backend] [nio-8081-exec-1] o.s.web.servlet.DispatcherServlet        : Detected AcceptHeaderLocaleResolver
2026-08-14T01:08:18.629+05:30 DEBUG 22184 --- [shopsphere-backend] [nio-8081-exec-1] o.s.web.servlet.DispatcherServlet        : Detected FixedThemeResolver
2026-08-14T01:08:18.630+05:30 DEBUG 22184 --- [shopsphere-backend] [nio-8081-exec-1] o.s.web.servlet.DispatcherServlet        : Detected org.springframework.web.servlet.view.DefaultRequestToViewNameTranslator@76296c86
2026-08-14T01:08:18.631+05:30 DEBUG 22184 --- [shopsphere-backend] [nio-8081-exec-1] o.s.web.servlet.DispatcherServlet        : Detected org.springframework.web.servlet.support.SessionFlashMapManager@6608072d
2026-08-14T01:08:18.632+05:30 DEBUG 22184 --- [shopsphere-backend] [nio-8081-exec-1] o.s.web.servlet.DispatcherServlet        : enableLoggingRequestDetails='false': request parameters and headers will be masked to prevent unsafe logging of potentially sensitive data
2026-08-14T01:08:18.633+05:30  INFO 22184 --- [shopsphere-backend] [nio-8081-exec-1] o.s.web.servlet.DispatcherServlet        : Completed initialization in 6 ms
2026-08-14T01:08:18.666+05:30 DEBUG 22184 --- [shopsphere-backend] [nio-8081-exec-1] o.s.web.servlet.DispatcherServlet        : GET "/api/v1/products", parameters={}
2026-08-14T01:08:18.669+05:30 DEBUG 22184 --- [shopsphere-backend] [nio-8081-exec-1] s.w.s.m.m.a.RequestMappingHandlerMapping : Mapped to com.shopsphere.controller.ProductController#listProducts()
2026-08-14T01:08:18.692+05:30 DEBUG 22184 --- [shopsphere-backend] [nio-8081-exec-1] org.hibernate.SQL                        : 
    select
        p1_0.id,
        p1_0.active,
        p1_0.average_rating,
        p1_0.brand,
        p1_0.category_id,
        p1_0.color,
        p1_0.created_at,
        p1_0.description,
        p1_0.discount_price,
        p1_0.price,
        p1_0.review_count,
        p1_0.seller_profile_id,
        p1_0.size,
        p1_0.sku,
        p1_0.title,
        p1_0.updated_at 
    from
        products p1_0 
    order by
        p1_0.id
Hibernate: 
    select
        p1_0.id,
        p1_0.active,
        p1_0.average_rating,
        p1_0.brand,
        p1_0.category_id,
        p1_0.color,
        p1_0.created_at,
        p1_0.description,
        p1_0.discount_price,
        p1_0.price,
        p1_0.review_count,
        p1_0.seller_profile_id,
        p1_0.size,
        p1_0.sku,
        p1_0.title,
        p1_0.updated_at 
    from
        products p1_0 
    order by
        p1_0.id
2026-08-14T01:08:18.702+05:30 DEBUG 22184 --- [shopsphere-backend] [nio-8081-exec-1] org.hibernate.SQL                        : 
    select
        i1_0.id,
        i1_0.available_quantity,
        i1_0.created_at,
        i1_0.product_id,
        i1_0.reserved_quantity,
        i1_0.sold_quantity,
        i1_0.updated_at,
        i1_0.version 
    from
        inventory i1_0 
    where
        i1_0.product_id=?
Hibernate: 
    select
        i1_0.id,
        i1_0.available_quantity,
        i1_0.created_at,
        i1_0.product_id,
        i1_0.reserved_quantity,
        i1_0.sold_quantity,
        i1_0.updated_at,
        i1_0.version 
    from
        inventory i1_0 
    where
        i1_0.product_id=?
2026-08-14T01:08:18.705+05:30 DEBUG 22184 --- [shopsphere-backend] [nio-8081-exec-1] org.hibernate.SQL                        : 
    select
        i1_0.id,
        i1_0.available_quantity,
        i1_0.created_at,
        i1_0.product_id,
        i1_0.reserved_quantity,
        i1_0.sold_quantity,
        i1_0.updated_at,
        i1_0.version 
    from
        inventory i1_0 
    where
        i1_0.product_id=?
Hibernate: 
    select
        i1_0.id,
        i1_0.available_quantity,
        i1_0.created_at,
        i1_0.product_id,
        i1_0.reserved_quantity,
        i1_0.sold_quantity,
        i1_0.updated_at,
        i1_0.version 
    from
        inventory i1_0 
    where
        i1_0.product_id=?
2026-08-14T01:08:18.708+05:30 DEBUG 22184 --- [shopsphere-backend] [nio-8081-exec-1] org.hibernate.SQL                        : 
    select
        i1_0.id,
        i1_0.available_quantity,
        i1_0.created_at,
        i1_0.product_id,
        i1_0.reserved_quantity,
        i1_0.sold_quantity,
        i1_0.updated_at,
        i1_0.version 
    from
        inventory i1_0 
    where
        i1_0.product_id=?
Hibernate: 
    select
        i1_0.id,
        i1_0.available_quantity,
        i1_0.created_at,
        i1_0.product_id,
        i1_0.reserved_quantity,
        i1_0.sold_quantity,
        i1_0.updated_at,
        i1_0.version 
    from
        inventory i1_0 
    where
        i1_0.product_id=?
2026-08-14T01:08:18.711+05:30 DEBUG 22184 --- [shopsphere-backend] [nio-8081-exec-1] org.hibernate.SQL                        : 
    select
        i1_0.id,
        i1_0.available_quantity,
        i1_0.created_at,
        i1_0.product_id,
        i1_0.reserved_quantity,
        i1_0.sold_quantity,
        i1_0.updated_at,
        i1_0.version 
    from
        inventory i1_0 
    where
        i1_0.product_id=?
Hibernate: 
    select
        i1_0.id,
        i1_0.available_quantity,
        i1_0.created_at,
        i1_0.product_id,
        i1_0.reserved_quantity,
        i1_0.sold_quantity,
        i1_0.updated_at,
        i1_0.version 
    from
        inventory i1_0 
    where
        i1_0.product_id=?
2026-08-14T01:08:18.715+05:30 DEBUG 22184 --- [shopsphere-backend] [nio-8081-exec-1] org.hibernate.SQL                        : 
    select
        i1_0.id,
        i1_0.available_quantity,
        i1_0.created_at,
        i1_0.product_id,
        i1_0.reserved_quantity,
        i1_0.sold_quantity,
        i1_0.updated_at,
        i1_0.version 
    from
        inventory i1_0 
    where
        i1_0.product_id=?
Hibernate: 
    select
        i1_0.id,
        i1_0.available_quantity,
        i1_0.created_at,
        i1_0.product_id,
        i1_0.reserved_quantity,
        i1_0.sold_quantity,
        i1_0.updated_at,
        i1_0.version 
    from
        inventory i1_0 
    where
        i1_0.product_id=?
2026-08-14T01:08:18.717+05:30 DEBUG 22184 --- [shopsphere-backend] [nio-8081-exec-1] org.hibernate.SQL                        : 
    select
        i1_0.id,
        i1_0.available_quantity,
        i1_0.created_at,
        i1_0.product_id,
        i1_0.reserved_quantity,
        i1_0.sold_quantity,
        i1_0.updated_at,
        i1_0.version 
    from
        inventory i1_0 
    where
        i1_0.product_id=?
Hibernate: 
    select
        i1_0.id,
        i1_0.available_quantity,
        i1_0.created_at,
        i1_0.product_id,
        i1_0.reserved_quantity,
        i1_0.sold_quantity,
        i1_0.updated_at,
        i1_0.version 
    from
        inventory i1_0 
    where
        i1_0.product_id=?
2026-08-14T01:08:18.719+05:30 DEBUG 22184 --- [shopsphere-backend] [nio-8081-exec-1] org.hibernate.SQL                        : 
    select
        i1_0.id,
        i1_0.available_quantity,
        i1_0.created_at,
        i1_0.product_id,
        i1_0.reserved_quantity,
        i1_0.sold_quantity,
        i1_0.updated_at,
        i1_0.version 
    from
        inventory i1_0 
    where
        i1_0.product_id=?
Hibernate: 
    select
        i1_0.id,
        i1_0.available_quantity,
        i1_0.created_at,
        i1_0.product_id,
        i1_0.reserved_quantity,
        i1_0.sold_quantity,
        i1_0.updated_at,
        i1_0.version 
    from
        inventory i1_0 
    where
        i1_0.product_id=?
2026-08-14T01:08:18.722+05:30 DEBUG 22184 --- [shopsphere-backend] [nio-8081-exec-1] org.hibernate.SQL                        : 
    select
        i1_0.id,
        i1_0.available_quantity,
        i1_0.created_at,
        i1_0.product_id,
        i1_0.reserved_quantity,
        i1_0.sold_quantity,
        i1_0.updated_at,
        i1_0.version 
    from
        inventory i1_0 
    where
        i1_0.product_id=?
Hibernate: 
    select
        i1_0.id,
        i1_0.available_quantity,
        i1_0.created_at,
        i1_0.product_id,
        i1_0.reserved_quantity,
        i1_0.sold_quantity,
        i1_0.updated_at,
        i1_0.version 
    from
        inventory i1_0 
    where
        i1_0.product_id=?
2026-08-14T01:08:18.725+05:30 DEBUG 22184 --- [shopsphere-backend] [nio-8081-exec-1] org.hibernate.SQL                        : 
    select
        i1_0.id,
        i1_0.available_quantity,
        i1_0.created_at,
        i1_0.product_id,
        i1_0.reserved_quantity,
        i1_0.sold_quantity,
        i1_0.updated_at,
        i1_0.version 
    from
        inventory i1_0 
    where
        i1_0.product_id=?
Hibernate: 
    select
        i1_0.id,
        i1_0.available_quantity,
        i1_0.created_at,
        i1_0.product_id,
        i1_0.reserved_quantity,
        i1_0.sold_quantity,
        i1_0.updated_at,
        i1_0.version 
    from
        inventory i1_0 
    where
        i1_0.product_id=?
2026-08-14T01:08:18.728+05:30 DEBUG 22184 --- [shopsphere-backend] [nio-8081-exec-1] org.hibernate.SQL                        : 
    select
        i1_0.id,
        i1_0.available_quantity,
        i1_0.created_at,
        i1_0.product_id,
        i1_0.reserved_quantity,
        i1_0.sold_quantity,
        i1_0.updated_at,
        i1_0.version 
    from
        inventory i1_0 
    where
        i1_0.product_id=?
Hibernate: 
    select
        i1_0.id,
        i1_0.available_quantity,
        i1_0.created_at,
        i1_0.product_id,
        i1_0.reserved_quantity,
        i1_0.sold_quantity,
        i1_0.updated_at,
        i1_0.version 
    from
        inventory i1_0 
    where
        i1_0.product_id=?
2026-08-14T01:08:18.732+05:30 DEBUG 22184 --- [shopsphere-backend] [nio-8081-exec-1] org.hibernate.SQL                        : 
    select
        i1_0.id,
        i1_0.available_quantity,
        i1_0.created_at,
        i1_0.product_id,
        i1_0.reserved_quantity,
        i1_0.sold_quantity,
        i1_0.updated_at,
        i1_0.version 
    from
        inventory i1_0 
    where
        i1_0.product_id=?
Hibernate: 
    select
        i1_0.id,
        i1_0.available_quantity,
        i1_0.created_at,
        i1_0.product_id,
        i1_0.reserved_quantity,
        i1_0.sold_quantity,
        i1_0.updated_at,
        i1_0.version 
    from
        inventory i1_0 
    where
        i1_0.product_id=?
2026-08-14T01:08:18.734+05:30 DEBUG 22184 --- [shopsphere-backend] [nio-8081-exec-1] org.hibernate.SQL                        : 
    select
        i1_0.id,
        i1_0.available_quantity,
        i1_0.created_at,
        i1_0.product_id,
        i1_0.reserved_quantity,
        i1_0.sold_quantity,
        i1_0.updated_at,
        i1_0.version 
    from
        inventory i1_0 
    where
        i1_0.product_id=?
Hibernate: 
    select
        i1_0.id,
        i1_0.available_quantity,
        i1_0.created_at,
        i1_0.product_id,
        i1_0.reserved_quantity,
        i1_0.sold_quantity,
        i1_0.updated_at,
        i1_0.version 
    from
        inventory i1_0 
    where
        i1_0.product_id=?
2026-08-14T01:08:18.738+05:30 DEBUG 22184 --- [shopsphere-backend] [nio-8081-exec-1] org.hibernate.SQL                        : 
    select
        i1_0.id,
        i1_0.available_quantity,
        i1_0.created_at,
        i1_0.product_id,
        i1_0.reserved_quantity,
        i1_0.sold_quantity,
        i1_0.updated_at,
        i1_0.version 
    from
        inventory i1_0 
    where
        i1_0.product_id=?
Hibernate: 
    select
        i1_0.id,
        i1_0.available_quantity,
        i1_0.created_at,
        i1_0.product_id,
        i1_0.reserved_quantity,
        i1_0.sold_quantity,
        i1_0.updated_at,
        i1_0.version 
    from
        inventory i1_0 
    where
        i1_0.product_id=?
2026-08-14T01:08:18.741+05:30 DEBUG 22184 --- [shopsphere-backend] [nio-8081-exec-1] org.hibernate.SQL                        : 
    select
        i1_0.id,
        i1_0.available_quantity,
        i1_0.created_at,
        i1_0.product_id,
        i1_0.reserved_quantity,
        i1_0.sold_quantity,
        i1_0.updated_at,
        i1_0.version 
    from
        inventory i1_0 
    where
        i1_0.product_id=?
Hibernate: 
    select
        i1_0.id,
        i1_0.available_quantity,
        i1_0.created_at,
        i1_0.product_id,
        i1_0.reserved_quantity,
        i1_0.sold_quantity,
        i1_0.updated_at,
        i1_0.version 
    from
        inventory i1_0 
    where
        i1_0.product_id=?
2026-08-14T01:08:18.745+05:30 DEBUG 22184 --- [shopsphere-backend] [nio-8081-exec-1] org.hibernate.SQL                        : 
    select
        i1_0.id,
        i1_0.available_quantity,
        i1_0.created_at,
        i1_0.product_id,
        i1_0.reserved_quantity,
        i1_0.sold_quantity,
        i1_0.updated_at,
        i1_0.version 
    from
        inventory i1_0 
    where
        i1_0.product_id=?
Hibernate: 
    select
        i1_0.id,
        i1_0.available_quantity,
        i1_0.created_at,
        i1_0.product_id,
        i1_0.reserved_quantity,
        i1_0.sold_quantity,
        i1_0.updated_at,
        i1_0.version 
    from
        inventory i1_0 
    where
        i1_0.product_id=?
2026-08-14T01:08:18.749+05:30 DEBUG 22184 --- [shopsphere-backend] [nio-8081-exec-1] org.hibernate.SQL                        : 
    select
        i1_0.id,
        i1_0.available_quantity,
        i1_0.created_at,
        i1_0.product_id,
        i1_0.reserved_quantity,
        i1_0.sold_quantity,
        i1_0.updated_at,
        i1_0.version 
    from
        inventory i1_0 
    where
        i1_0.product_id=?
Hibernate: 
    select
        i1_0.id,
        i1_0.available_quantity,
        i1_0.created_at,
        i1_0.product_id,
        i1_0.reserved_quantity,
        i1_0.sold_quantity,
        i1_0.updated_at,
        i1_0.version 
    from
        inventory i1_0 
    where
        i1_0.product_id=?
2026-08-14T01:08:18.752+05:30 DEBUG 22184 --- [shopsphere-backend] [nio-8081-exec-1] org.hibernate.SQL                        : 
    select
        i1_0.id,
        i1_0.available_quantity,
        i1_0.created_at,
        i1_0.product_id,
        i1_0.reserved_quantity,
        i1_0.sold_quantity,
        i1_0.updated_at,
        i1_0.version 
    from
        inventory i1_0 
    where
        i1_0.product_id=?
Hibernate: 
    select
        i1_0.id,
        i1_0.available_quantity,
        i1_0.created_at,
        i1_0.product_id,
        i1_0.reserved_quantity,
        i1_0.sold_quantity,
        i1_0.updated_at,
        i1_0.version 
    from
        inventory i1_0 
    where
        i1_0.product_id=?
2026-08-14T01:08:18.754+05:30 DEBUG 22184 --- [shopsphere-backend] [nio-8081-exec-1] org.hibernate.SQL                        : 
    select
        i1_0.id,
        i1_0.available_quantity,
        i1_0.created_at,
        i1_0.product_id,
        i1_0.reserved_quantity,
        i1_0.sold_quantity,
        i1_0.updated_at,
        i1_0.version 
    from
        inventory i1_0 
    where
        i1_0.product_id=?
Hibernate: 
    select
        i1_0.id,
        i1_0.available_quantity,
        i1_0.created_at,
        i1_0.product_id,
        i1_0.reserved_quantity,
        i1_0.sold_quantity,
        i1_0.updated_at,
        i1_0.version 
    from
        inventory i1_0 
    where
        i1_0.product_id=?
2026-08-14T01:08:18.756+05:30 DEBUG 22184 --- [shopsphere-backend] [nio-8081-exec-1] org.hibernate.SQL                        : 
    select
        i1_0.id,
        i1_0.available_quantity,
        i1_0.created_at,
        i1_0.product_id,
        i1_0.reserved_quantity,
        i1_0.sold_quantity,
        i1_0.updated_at,
        i1_0.version 
    from
        inventory i1_0 
    where
        i1_0.product_id=?
Hibernate: 
    select
        i1_0.id,
        i1_0.available_quantity,
        i1_0.created_at,
        i1_0.product_id,
        i1_0.reserved_quantity,
        i1_0.sold_quantity,
        i1_0.updated_at,
        i1_0.version 
    from
        inventory i1_0 
    where
        i1_0.product_id=?
2026-08-14T01:08:18.759+05:30 DEBUG 22184 --- [shopsphere-backend] [nio-8081-exec-1] org.hibernate.SQL                        : 
    select
        i1_0.id,
        i1_0.available_quantity,
        i1_0.created_at,
        i1_0.product_id,
        i1_0.reserved_quantity,
        i1_0.sold_quantity,
        i1_0.updated_at,
        i1_0.version 
    from
        inventory i1_0 
    where
        i1_0.product_id=?
Hibernate: 
    select
        i1_0.id,
        i1_0.available_quantity,
        i1_0.created_at,
        i1_0.product_id,
        i1_0.reserved_quantity,
        i1_0.sold_quantity,
        i1_0.updated_at,
        i1_0.version 
    from
        inventory i1_0 
    where
        i1_0.product_id=?
2026-08-14T01:08:18.762+05:30 DEBUG 22184 --- [shopsphere-backend] [nio-8081-exec-1] org.hibernate.SQL                        : 
    select
        i1_0.id,
        i1_0.available_quantity,
        i1_0.created_at,
        i1_0.product_id,
        i1_0.reserved_quantity,
        i1_0.sold_quantity,
        i1_0.updated_at,
        i1_0.version 
    from
        inventory i1_0 
    where
        i1_0.product_id=?
Hibernate: 
    select
        i1_0.id,
        i1_0.available_quantity,
        i1_0.created_at,
        i1_0.product_id,
        i1_0.reserved_quantity,
        i1_0.sold_quantity,
        i1_0.updated_at,
        i1_0.version 
    from
        inventory i1_0 
    where
        i1_0.product_id=?
2026-08-14T01:08:18.764+05:30 DEBUG 22184 --- [shopsphere-backend] [nio-8081-exec-1] org.hibernate.SQL                        : 
    select
        i1_0.id,
        i1_0.available_quantity,
        i1_0.created_at,
        i1_0.product_id,
        i1_0.reserved_quantity,
        i1_0.sold_quantity,
        i1_0.updated_at,
        i1_0.version 
    from
        inventory i1_0 
    where
        i1_0.product_id=?
Hibernate: 
    select
        i1_0.id,
        i1_0.available_quantity,
        i1_0.created_at,
        i1_0.product_id,
        i1_0.reserved_quantity,
        i1_0.sold_quantity,
        i1_0.updated_at,
        i1_0.version 
    from
        inventory i1_0 
    where
        i1_0.product_id=?
2026-08-14T01:08:18.767+05:30 DEBUG 22184 --- [shopsphere-backend] [nio-8081-exec-1] org.hibernate.SQL                        : 
    select
        i1_0.id,
        i1_0.available_quantity,
        i1_0.created_at,
        i1_0.product_id,
        i1_0.reserved_quantity,
        i1_0.sold_quantity,
        i1_0.updated_at,
        i1_0.version 
    from
        inventory i1_0 
    where
        i1_0.product_id=?
Hibernate: 
    select
        i1_0.id,
        i1_0.available_quantity,
        i1_0.created_at,
        i1_0.product_id,
        i1_0.reserved_quantity,
        i1_0.sold_quantity,
        i1_0.updated_at,
        i1_0.version 
    from
        inventory i1_0 
    where
        i1_0.product_id=?
2026-08-14T01:08:18.769+05:30 DEBUG 22184 --- [shopsphere-backend] [nio-8081-exec-1] org.hibernate.SQL                        : 
    select
        i1_0.id,
        i1_0.available_quantity,
        i1_0.created_at,
        i1_0.product_id,
        i1_0.reserved_quantity,
        i1_0.sold_quantity,
        i1_0.updated_at,
        i1_0.version 
    from
        inventory i1_0 
    where
        i1_0.product_id=?
Hibernate: 
    select
        i1_0.id,
        i1_0.available_quantity,
        i1_0.created_at,
        i1_0.product_id,
        i1_0.reserved_quantity,
        i1_0.sold_quantity,
        i1_0.updated_at,
        i1_0.version 
    from
        inventory i1_0 
    where
        i1_0.product_id=?
2026-08-14T01:08:18.775+05:30 DEBUG 22184 --- [shopsphere-backend] [nio-8081-exec-1] org.hibernate.SQL                        : 
    select
        i1_0.product_id,
        i1_0.id,
        i1_0.created_at,
        i1_0.display_order,
        i1_0.image_url,
        i1_0.is_primary,
        i1_0.updated_at 
    from
        product_images i1_0 
    where
        i1_0.product_id=?
Hibernate: 
    select
        i1_0.product_id,
        i1_0.id,
        i1_0.created_at,
        i1_0.display_order,
        i1_0.image_url,
        i1_0.is_primary,
        i1_0.updated_at 
    from
        product_images i1_0 
    where
        i1_0.product_id=?
2026-08-14T01:08:18.784+05:30 DEBUG 22184 --- [shopsphere-backend] [nio-8081-exec-1] org.hibernate.SQL                        : 
    select
        c1_0.id,
        c1_0.active,
        c1_0.created_at,
        c1_0.description,
        c1_0.name,
        c1_0.parent_id,
        c1_0.slug,
        c1_0.updated_at 
    from
        categories c1_0 
    where
        c1_0.id=?
Hibernate: 
    select
        c1_0.id,
        c1_0.active,
        c1_0.created_at,
        c1_0.description,
        c1_0.name,
        c1_0.parent_id,
        c1_0.slug,
        c1_0.updated_at 
    from
        categories c1_0 
    where
        c1_0.id=?
2026-08-14T01:08:18.788+05:30 DEBUG 22184 --- [shopsphere-backend] [nio-8081-exec-1] org.hibernate.SQL                        : 
    select
        sp1_0.id,
        sp1_0.business_email,
        sp1_0.business_phone,
        sp1_0.created_at,
        sp1_0.description,
        sp1_0.status,
        sp1_0.store_name,
        sp1_0.tax_id,
        sp1_0.updated_at,
        sp1_0.user_id 
    from
        seller_profiles sp1_0 
    where
        sp1_0.id=?
Hibernate: 
    select
        sp1_0.id,
        sp1_0.business_email,
        sp1_0.business_phone,
        sp1_0.created_at,
        sp1_0.description,
        sp1_0.status,
        sp1_0.store_name,
        sp1_0.tax_id,
        sp1_0.updated_at,
        sp1_0.user_id 
    from
        seller_profiles sp1_0 
    where
        sp1_0.id=?
2026-08-14T01:08:18.791+05:30 DEBUG 22184 --- [shopsphere-backend] [nio-8081-exec-1] org.hibernate.SQL                        : 
    select
        i1_0.product_id,
        i1_0.id,
        i1_0.created_at,
        i1_0.display_order,
        i1_0.image_url,
        i1_0.is_primary,
        i1_0.updated_at 
    from
        product_images i1_0 
    where
        i1_0.product_id=?
Hibernate: 
    select
        i1_0.product_id,
        i1_0.id,
        i1_0.created_at,
        i1_0.display_order,
        i1_0.image_url,
        i1_0.is_primary,
        i1_0.updated_at 
    from
        product_images i1_0 
    where
        i1_0.product_id=?
2026-08-14T01:08:18.793+05:30 DEBUG 22184 --- [shopsphere-backend] [nio-8081-exec-1] org.hibernate.SQL                        : 
    select
        c1_0.id,
        c1_0.active,
        c1_0.created_at,
        c1_0.description,
        c1_0.name,
        c1_0.parent_id,
        c1_0.slug,
        c1_0.updated_at 
    from
        categories c1_0 
    where
        c1_0.id=?
Hibernate: 
    select
        c1_0.id,
        c1_0.active,
        c1_0.created_at,
        c1_0.description,
        c1_0.name,
        c1_0.parent_id,
        c1_0.slug,
        c1_0.updated_at 
    from
        categories c1_0 
    where
        c1_0.id=?
2026-08-14T01:08:18.795+05:30 DEBUG 22184 --- [shopsphere-backend] [nio-8081-exec-1] org.hibernate.SQL                        : 
    select
        i1_0.product_id,
        i1_0.id,
        i1_0.created_at,
        i1_0.display_order,
        i1_0.image_url,
        i1_0.is_primary,
        i1_0.updated_at 
    from
        product_images i1_0 
    where
        i1_0.product_id=?
Hibernate: 
    select
        i1_0.product_id,
        i1_0.id,
        i1_0.created_at,
        i1_0.display_order,
        i1_0.image_url,
        i1_0.is_primary,
        i1_0.updated_at 
    from
        product_images i1_0 
    where
        i1_0.product_id=?
2026-08-14T01:08:18.799+05:30 DEBUG 22184 --- [shopsphere-backend] [nio-8081-exec-1] org.hibernate.SQL                        : 
    select
        c1_0.id,
        c1_0.active,
        c1_0.created_at,
        c1_0.description,
        c1_0.name,
        c1_0.parent_id,
        c1_0.slug,
        c1_0.updated_at 
    from
        categories c1_0 
    where
        c1_0.id=?
Hibernate: 
    select
        c1_0.id,
        c1_0.active,
        c1_0.created_at,
        c1_0.description,
        c1_0.name,
        c1_0.parent_id,
        c1_0.slug,
        c1_0.updated_at 
    from
        categories c1_0 
    where
        c1_0.id=?
2026-08-14T01:08:18.801+05:30 DEBUG 22184 --- [shopsphere-backend] [nio-8081-exec-1] org.hibernate.SQL                        : 
    select
        i1_0.product_id,
        i1_0.id,
        i1_0.created_at,
        i1_0.display_order,
        i1_0.image_url,
        i1_0.is_primary,
        i1_0.updated_at 
    from
        product_images i1_0 
    where
        i1_0.product_id=?
Hibernate: 
    select
        i1_0.product_id,
        i1_0.id,
        i1_0.created_at,
        i1_0.display_order,
        i1_0.image_url,
        i1_0.is_primary,
        i1_0.updated_at 
    from
        product_images i1_0 
    where
        i1_0.product_id=?
2026-08-14T01:08:18.803+05:30 DEBUG 22184 --- [shopsphere-backend] [nio-8081-exec-1] org.hibernate.SQL                        : 
    select
        c1_0.id,
        c1_0.active,
        c1_0.created_at,
        c1_0.description,
        c1_0.name,
        c1_0.parent_id,
        c1_0.slug,
        c1_0.updated_at 
    from
        categories c1_0 
    where
        c1_0.id=?
Hibernate: 
    select
        c1_0.id,
        c1_0.active,
        c1_0.created_at,
        c1_0.description,
        c1_0.name,
        c1_0.parent_id,
        c1_0.slug,
        c1_0.updated_at 
    from
        categories c1_0 
    where
        c1_0.id=?
2026-08-14T01:08:18.805+05:30 DEBUG 22184 --- [shopsphere-backend] [nio-8081-exec-1] org.hibernate.SQL                        : 
    select
        i1_0.product_id,
        i1_0.id,
        i1_0.created_at,
        i1_0.display_order,
        i1_0.image_url,
        i1_0.is_primary,
        i1_0.updated_at 
    from
        product_images i1_0 
    where
        i1_0.product_id=?
Hibernate: 
    select
        i1_0.product_id,
        i1_0.id,
        i1_0.created_at,
        i1_0.display_order,
        i1_0.image_url,
        i1_0.is_primary,
        i1_0.updated_at 
    from
        product_images i1_0 
    where
        i1_0.product_id=?
2026-08-14T01:08:18.806+05:30 DEBUG 22184 --- [shopsphere-backend] [nio-8081-exec-1] org.hibernate.SQL                        : 
    select
        c1_0.id,
        c1_0.active,
        c1_0.created_at,
        c1_0.description,
        c1_0.name,
        c1_0.parent_id,
        c1_0.slug,
        c1_0.updated_at 
    from
        categories c1_0 
    where
        c1_0.id=?
Hibernate: 
    select
        c1_0.id,
        c1_0.active,
        c1_0.created_at,
        c1_0.description,
        c1_0.name,
        c1_0.parent_id,
        c1_0.slug,
        c1_0.updated_at 
    from
        categories c1_0 
    where
        c1_0.id=?
2026-08-14T01:08:18.809+05:30 DEBUG 22184 --- [shopsphere-backend] [nio-8081-exec-1] org.hibernate.SQL                        : 
    select
        i1_0.product_id,
        i1_0.id,
        i1_0.created_at,
        i1_0.display_order,
        i1_0.image_url,
        i1_0.is_primary,
        i1_0.updated_at 
    from
        product_images i1_0 
    where
        i1_0.product_id=?
Hibernate: 
    select
        i1_0.product_id,
        i1_0.id,
        i1_0.created_at,
        i1_0.display_order,
        i1_0.image_url,
        i1_0.is_primary,
        i1_0.updated_at 
    from
        product_images i1_0 
    where
        i1_0.product_id=?
2026-08-14T01:08:18.811+05:30 DEBUG 22184 --- [shopsphere-backend] [nio-8081-exec-1] org.hibernate.SQL                        : 
    select
        i1_0.product_id,
        i1_0.id,
        i1_0.created_at,
        i1_0.display_order,
        i1_0.image_url,
        i1_0.is_primary,
        i1_0.updated_at 
    from
        product_images i1_0 
    where
        i1_0.product_id=?
Hibernate: 
    select
        i1_0.product_id,
        i1_0.id,
        i1_0.created_at,
        i1_0.display_order,
        i1_0.image_url,
        i1_0.is_primary,
        i1_0.updated_at 
    from
        product_images i1_0 
    where
        i1_0.product_id=?
2026-08-14T01:08:18.815+05:30 DEBUG 22184 --- [shopsphere-backend] [nio-8081-exec-1] org.hibernate.SQL                        : 
    select
        c1_0.id,
        c1_0.active,
        c1_0.created_at,
        c1_0.description,
        c1_0.name,
        c1_0.parent_id,
        c1_0.slug,
        c1_0.updated_at 
    from
        categories c1_0 
    where
        c1_0.id=?
Hibernate: 
    select
        c1_0.id,
        c1_0.active,
        c1_0.created_at,
        c1_0.description,
        c1_0.name,
        c1_0.parent_id,
        c1_0.slug,
        c1_0.updated_at 
    from
        categories c1_0 
    where
        c1_0.id=?
2026-08-14T01:08:18.818+05:30 DEBUG 22184 --- [shopsphere-backend] [nio-8081-exec-1] org.hibernate.SQL                        : 
    select
        i1_0.product_id,
        i1_0.id,
        i1_0.created_at,
        i1_0.display_order,
        i1_0.image_url,
        i1_0.is_primary,
        i1_0.updated_at 
    from
        product_images i1_0 
    where
        i1_0.product_id=?
Hibernate: 
    select
        i1_0.product_id,
        i1_0.id,
        i1_0.created_at,
        i1_0.display_order,
        i1_0.image_url,
        i1_0.is_primary,
        i1_0.updated_at 
    from
        product_images i1_0 
    where
        i1_0.product_id=?
2026-08-14T01:08:18.820+05:30 DEBUG 22184 --- [shopsphere-backend] [nio-8081-exec-1] org.hibernate.SQL                        : 
    select
        i1_0.product_id,
        i1_0.id,
        i1_0.created_at,
        i1_0.display_order,
        i1_0.image_url,
        i1_0.is_primary,
        i1_0.updated_at 
    from
        product_images i1_0 
    where
        i1_0.product_id=?
Hibernate: 
    select
        i1_0.product_id,
        i1_0.id,
        i1_0.created_at,
        i1_0.display_order,
        i1_0.image_url,
        i1_0.is_primary,
        i1_0.updated_at 
    from
        product_images i1_0 
    where
        i1_0.product_id=?
2026-08-14T01:08:18.822+05:30 DEBUG 22184 --- [shopsphere-backend] [nio-8081-exec-1] org.hibernate.SQL                        : 
    select
        i1_0.product_id,
        i1_0.id,
        i1_0.created_at,
        i1_0.display_order,
        i1_0.image_url,
        i1_0.is_primary,
        i1_0.updated_at 
    from
        product_images i1_0 
    where
        i1_0.product_id=?
Hibernate: 
    select
        i1_0.product_id,
        i1_0.id,
        i1_0.created_at,
        i1_0.display_order,
        i1_0.image_url,
        i1_0.is_primary,
        i1_0.updated_at 
    from
        product_images i1_0 
    where
        i1_0.product_id=?
2026-08-14T01:08:18.824+05:30 DEBUG 22184 --- [shopsphere-backend] [nio-8081-exec-1] org.hibernate.SQL                        : 
    select
        i1_0.product_id,
        i1_0.id,
        i1_0.created_at,
        i1_0.display_order,
        i1_0.image_url,
        i1_0.is_primary,
        i1_0.updated_at 
    from
        product_images i1_0 
    where
        i1_0.product_id=?
Hibernate: 
    select
        i1_0.product_id,
        i1_0.id,
        i1_0.created_at,
        i1_0.display_order,
        i1_0.image_url,
        i1_0.is_primary,
        i1_0.updated_at 
    from
        product_images i1_0 
    where
        i1_0.product_id=?
2026-08-14T01:08:18.826+05:30 DEBUG 22184 --- [shopsphere-backend] [nio-8081-exec-1] org.hibernate.SQL                        : 
    select
        i1_0.product_id,
        i1_0.id,
        i1_0.created_at,
        i1_0.display_order,
        i1_0.image_url,
        i1_0.is_primary,
        i1_0.updated_at 
    from
        product_images i1_0 
    where
        i1_0.product_id=?
Hibernate: 
    select
        i1_0.product_id,
        i1_0.id,
        i1_0.created_at,
        i1_0.display_order,
        i1_0.image_url,
        i1_0.is_primary,
        i1_0.updated_at 
    from
        product_images i1_0 
    where
        i1_0.product_id=?
2026-08-14T01:08:18.828+05:30 DEBUG 22184 --- [shopsphere-backend] [nio-8081-exec-1] org.hibernate.SQL                        : 
    select
        c1_0.id,
        c1_0.active,
        c1_0.created_at,
        c1_0.description,
        c1_0.name,
        c1_0.parent_id,
        c1_0.slug,
        c1_0.updated_at 
    from
        categories c1_0 
    where
        c1_0.id=?
Hibernate: 
    select
        c1_0.id,
        c1_0.active,
        c1_0.created_at,
        c1_0.description,
        c1_0.name,
        c1_0.parent_id,
        c1_0.slug,
        c1_0.updated_at 
    from
        categories c1_0 
    where
        c1_0.id=?
2026-08-14T01:08:18.831+05:30 DEBUG 22184 --- [shopsphere-backend] [nio-8081-exec-1] org.hibernate.SQL                        : 
    select
        i1_0.product_id,
        i1_0.id,
        i1_0.created_at,
        i1_0.display_order,
        i1_0.image_url,
        i1_0.is_primary,
        i1_0.updated_at 
    from
        product_images i1_0 
    where
        i1_0.product_id=?
Hibernate: 
    select
        i1_0.product_id,
        i1_0.id,
        i1_0.created_at,
        i1_0.display_order,
        i1_0.image_url,
        i1_0.is_primary,
        i1_0.updated_at 
    from
        product_images i1_0 
    where
        i1_0.product_id=?
2026-08-14T01:08:18.833+05:30 DEBUG 22184 --- [shopsphere-backend] [nio-8081-exec-1] org.hibernate.SQL                        : 
    select
        i1_0.product_id,
        i1_0.id,
        i1_0.created_at,
        i1_0.display_order,
        i1_0.image_url,
        i1_0.is_primary,
        i1_0.updated_at 
    from
        product_images i1_0 
    where
        i1_0.product_id=?
Hibernate: 
    select
        i1_0.product_id,
        i1_0.id,
        i1_0.created_at,
        i1_0.display_order,
        i1_0.image_url,
        i1_0.is_primary,
        i1_0.updated_at 
    from
        product_images i1_0 
    where
        i1_0.product_id=?
2026-08-14T01:08:18.836+05:30 DEBUG 22184 --- [shopsphere-backend] [nio-8081-exec-1] org.hibernate.SQL                        : 
    select
        i1_0.product_id,
        i1_0.id,
        i1_0.created_at,
        i1_0.display_order,
        i1_0.image_url,
        i1_0.is_primary,
        i1_0.updated_at 
    from
        product_images i1_0 
    where
        i1_0.product_id=?
Hibernate: 
    select
        i1_0.product_id,
        i1_0.id,
        i1_0.created_at,
        i1_0.display_order,
        i1_0.image_url,
        i1_0.is_primary,
        i1_0.updated_at 
    from
        product_images i1_0 
    where
        i1_0.product_id=?
2026-08-14T01:08:18.839+05:30 DEBUG 22184 --- [shopsphere-backend] [nio-8081-exec-1] org.hibernate.SQL                        : 
    select
        i1_0.product_id,
        i1_0.id,
        i1_0.created_at,
        i1_0.display_order,
        i1_0.image_url,
        i1_0.is_primary,
        i1_0.updated_at 
    from
        product_images i1_0 
    where
        i1_0.product_id=?
Hibernate: 
    select
        i1_0.product_id,
        i1_0.id,
        i1_0.created_at,
        i1_0.display_order,
        i1_0.image_url,
        i1_0.is_primary,
        i1_0.updated_at 
    from
        product_images i1_0 
    where
        i1_0.product_id=?
2026-08-14T01:08:18.842+05:30 DEBUG 22184 --- [shopsphere-backend] [nio-8081-exec-1] org.hibernate.SQL                        : 
    select
        i1_0.product_id,
        i1_0.id,
        i1_0.created_at,
        i1_0.display_order,
        i1_0.image_url,
        i1_0.is_primary,
        i1_0.updated_at 
    from
        product_images i1_0 
    where
        i1_0.product_id=?
Hibernate: 
    select
        i1_0.product_id,
        i1_0.id,
        i1_0.created_at,
        i1_0.display_order,
        i1_0.image_url,
        i1_0.is_primary,
        i1_0.updated_at 
    from
        product_images i1_0 
    where
        i1_0.product_id=?
2026-08-14T01:08:18.844+05:30 DEBUG 22184 --- [shopsphere-backend] [nio-8081-exec-1] org.hibernate.SQL                        : 
    select
        i1_0.product_id,
        i1_0.id,
        i1_0.created_at,
        i1_0.display_order,
        i1_0.image_url,
        i1_0.is_primary,
        i1_0.updated_at 
    from
        product_images i1_0 
    where
        i1_0.product_id=?
Hibernate: 
    select
        i1_0.product_id,
        i1_0.id,
        i1_0.created_at,
        i1_0.display_order,
        i1_0.image_url,
        i1_0.is_primary,
        i1_0.updated_at 
    from
        product_images i1_0 
    where
        i1_0.product_id=?
2026-08-14T01:08:18.847+05:30 DEBUG 22184 --- [shopsphere-backend] [nio-8081-exec-1] org.hibernate.SQL                        : 
    select
        c1_0.id,
        c1_0.active,
        c1_0.created_at,
        c1_0.description,
        c1_0.name,
        c1_0.parent_id,
        c1_0.slug,
        c1_0.updated_at 
    from
        categories c1_0 
    where
        c1_0.id=?
Hibernate: 
    select
        c1_0.id,
        c1_0.active,
        c1_0.created_at,
        c1_0.description,
        c1_0.name,
        c1_0.parent_id,
        c1_0.slug,
        c1_0.updated_at 
    from
        categories c1_0 
    where
        c1_0.id=?
2026-08-14T01:08:18.849+05:30 DEBUG 22184 --- [shopsphere-backend] [nio-8081-exec-1] org.hibernate.SQL                        : 
    select
        i1_0.product_id,
        i1_0.id,
        i1_0.created_at,
        i1_0.display_order,
        i1_0.image_url,
        i1_0.is_primary,
        i1_0.updated_at 
    from
        product_images i1_0 
    where
        i1_0.product_id=?
Hibernate: 
    select
        i1_0.product_id,
        i1_0.id,
        i1_0.created_at,
        i1_0.display_order,
        i1_0.image_url,
        i1_0.is_primary,
        i1_0.updated_at 
    from
        product_images i1_0 
    where
        i1_0.product_id=?
2026-08-14T01:08:18.852+05:30 DEBUG 22184 --- [shopsphere-backend] [nio-8081-exec-1] org.hibernate.SQL                        : 
    select
        i1_0.product_id,
        i1_0.id,
        i1_0.created_at,
        i1_0.display_order,
        i1_0.image_url,
        i1_0.is_primary,
        i1_0.updated_at 
    from
        product_images i1_0 
    where
        i1_0.product_id=?
Hibernate: 
    select
        i1_0.product_id,
        i1_0.id,
        i1_0.created_at,
        i1_0.display_order,
        i1_0.image_url,
        i1_0.is_primary,
        i1_0.updated_at 
    from
        product_images i1_0 
    where
        i1_0.product_id=?
2026-08-14T01:08:18.854+05:30 DEBUG 22184 --- [shopsphere-backend] [nio-8081-exec-1] org.hibernate.SQL                        : 
    select
        c1_0.id,
        c1_0.active,
        c1_0.created_at,
        c1_0.description,
        c1_0.name,
        c1_0.parent_id,
        c1_0.slug,
        c1_0.updated_at 
    from
        categories c1_0 
    where
        c1_0.id=?
Hibernate: 
    select
        c1_0.id,
        c1_0.active,
        c1_0.created_at,
        c1_0.description,
        c1_0.name,
        c1_0.parent_id,
        c1_0.slug,
        c1_0.updated_at 
    from
        categories c1_0 
    where
        c1_0.id=?
2026-08-14T01:08:18.857+05:30 DEBUG 22184 --- [shopsphere-backend] [nio-8081-exec-1] org.hibernate.SQL                        : 
    select
        i1_0.product_id,
        i1_0.id,
        i1_0.created_at,
        i1_0.display_order,
        i1_0.image_url,
        i1_0.is_primary,
        i1_0.updated_at 
    from
        product_images i1_0 
    where
        i1_0.product_id=?
Hibernate: 
    select
        i1_0.product_id,
        i1_0.id,
        i1_0.created_at,
        i1_0.display_order,
        i1_0.image_url,
        i1_0.is_primary,
        i1_0.updated_at 
    from
        product_images i1_0 
    where
        i1_0.product_id=?
2026-08-14T01:08:18.859+05:30 DEBUG 22184 --- [shopsphere-backend] [nio-8081-exec-1] org.hibernate.SQL                        : 
    select
        i1_0.product_id,
        i1_0.id,
        i1_0.created_at,
        i1_0.display_order,
        i1_0.image_url,
        i1_0.is_primary,
        i1_0.updated_at 
    from
        product_images i1_0 
    where
        i1_0.product_id=?
Hibernate: 
    select
        i1_0.product_id,
        i1_0.id,
        i1_0.created_at,
        i1_0.display_order,
        i1_0.image_url,
        i1_0.is_primary,
        i1_0.updated_at 
    from
        product_images i1_0 
    where
        i1_0.product_id=?
2026-08-14T01:08:18.862+05:30 DEBUG 22184 --- [shopsphere-backend] [nio-8081-exec-1] org.hibernate.SQL                        : 
    select
        c1_0.id,
        c1_0.active,
        c1_0.created_at,
        c1_0.description,
        c1_0.name,
        c1_0.parent_id,
        c1_0.slug,
        c1_0.updated_at 
    from
        categories c1_0 
    where
        c1_0.id=?
Hibernate: 
    select
        c1_0.id,
        c1_0.active,
        c1_0.created_at,
        c1_0.description,
        c1_0.name,
        c1_0.parent_id,
        c1_0.slug,
        c1_0.updated_at 
    from
        categories c1_0 
    where
        c1_0.id=?
2026-08-14T01:08:18.866+05:30 DEBUG 22184 --- [shopsphere-backend] [nio-8081-exec-1] org.hibernate.SQL                        : 
    select
        i1_0.product_id,
        i1_0.id,
        i1_0.created_at,
        i1_0.display_order,
        i1_0.image_url,
        i1_0.is_primary,
        i1_0.updated_at 
    from
        product_images i1_0 
    where
        i1_0.product_id=?
Hibernate: 
    select
        i1_0.product_id,
        i1_0.id,
        i1_0.created_at,
        i1_0.display_order,
        i1_0.image_url,
        i1_0.is_primary,
        i1_0.updated_at 
    from
        product_images i1_0 
    where
        i1_0.product_id=?
2026-08-14T01:08:18.868+05:30 DEBUG 22184 --- [shopsphere-backend] [nio-8081-exec-1] org.hibernate.SQL                        : 
    select
        i1_0.product_id,
        i1_0.id,
        i1_0.created_at,
        i1_0.display_order,
        i1_0.image_url,
        i1_0.is_primary,
        i1_0.updated_at 
    from
        product_images i1_0 
    where
        i1_0.product_id=?
Hibernate: 
    select
        i1_0.product_id,
        i1_0.id,
        i1_0.created_at,
        i1_0.display_order,
        i1_0.image_url,
        i1_0.is_primary,
        i1_0.updated_at 
    from
        product_images i1_0 
    where
        i1_0.product_id=?
2026-08-14T01:08:18.871+05:30 DEBUG 22184 --- [shopsphere-backend] [nio-8081-exec-1] org.hibernate.SQL                        : 
    select
        c1_0.id,
        c1_0.active,
        c1_0.created_at,
        c1_0.description,
        c1_0.name,
        c1_0.parent_id,
        c1_0.slug,
        c1_0.updated_at 
    from
        categories c1_0 
    where
        c1_0.id=?
Hibernate: 
    select
        c1_0.id,
        c1_0.active,
        c1_0.created_at,
        c1_0.description,
        c1_0.name,
        c1_0.parent_id,
        c1_0.slug,
        c1_0.updated_at 
    from
        categories c1_0 
    where
        c1_0.id=?
2026-08-14T01:08:18.897+05:30 DEBUG 22184 --- [shopsphere-backend] [nio-8081-exec-1] m.m.a.RequestResponseBodyMethodProcessor : Using 'application/json', given [*/*] and supported [application/json, application/*+json]
2026-08-14T01:08:18.903+05:30 DEBUG 22184 --- [shopsphere-backend] [nio-8081-exec-1] m.m.a.RequestResponseBodyMethodProcessor : Writing [[ProductResponse(id=1, title=AeroRun Pro Sneakers, sku=SS-SHOE-001, description=Responsive running s (truncated)...]
2026-08-14T01:08:18.976+05:30 DEBUG 22184 --- [shopsphere-backend] [nio-8081-exec-1] o.s.web.servlet.DispatcherServlet        : Completed 200 OK
2026-08-14T01:14:02.526+05:30 DEBUG 22184 --- [shopsphere-backend] [nio-8081-exec-7] o.s.web.servlet.DispatcherServlet        : GET "/api/v1/products", parameters={}
2026-08-14T01:14:02.526+05:30 DEBUG 22184 --- [shopsphere-backend] [nio-8081-exec-7] s.w.s.m.m.a.RequestMappingHandlerMapping : Mapped to com.shopsphere.controller.ProductController#listProducts()
2026-08-14T01:14:02.530+05:30 DEBUG 22184 --- [shopsphere-backend] [nio-8081-exec-7] org.hibernate.SQL                        : 
    select
        p1_0.id,
        p1_0.active,
        p1_0.average_rating,
        p1_0.brand,
        p1_0.category_id,
        p1_0.color,
        p1_0.created_at,
        p1_0.description,
        p1_0.discount_price,
        p1_0.price,
        p1_0.review_count,
        p1_0.seller_profile_id,
        p1_0.size,
        p1_0.sku,
        p1_0.title,
        p1_0.updated_at 
    from
        products p1_0 
    order by
        p1_0.id
Hibernate: 
    select
        p1_0.id,
        p1_0.active,
        p1_0.average_rating,
        p1_0.brand,
        p1_0.category_id,
        p1_0.color,
        p1_0.created_at,
        p1_0.description,
        p1_0.discount_price,
        p1_0.price,
        p1_0.review_count,
        p1_0.seller_profile_id,
        p1_0.size,
        p1_0.sku,
        p1_0.title,
        p1_0.updated_at 
    from
        products p1_0 
    order by
        p1_0.id
2026-08-14T01:14:02.530+05:30 DEBUG 22184 --- [shopsphere-backend] [nio-8081-exec-7] org.hibernate.SQL                        : 
    select
        i1_0.id,
        i1_0.available_quantity,
        i1_0.created_at,
        i1_0.product_id,
        i1_0.reserved_quantity,
        i1_0.sold_quantity,
        i1_0.updated_at,
        i1_0.version 
    from
        inventory i1_0 
    where
        i1_0.product_id=?
Hibernate: 
    select
        i1_0.id,
        i1_0.available_quantity,
        i1_0.created_at,
        i1_0.product_id,
        i1_0.reserved_quantity,
        i1_0.sold_quantity,
        i1_0.updated_at,
        i1_0.version 
    from
        inventory i1_0 
    where
        i1_0.product_id=?
2026-08-14T01:14:02.535+05:30 DEBUG 22184 --- [shopsphere-backend] [nio-8081-exec-7] org.hibernate.SQL                        : 
    select
        i1_0.id,
        i1_0.available_quantity,
        i1_0.created_at,
        i1_0.product_id,
        i1_0.reserved_quantity,
        i1_0.sold_quantity,
        i1_0.updated_at,
        i1_0.version 
    from
        inventory i1_0 
    where
        i1_0.product_id=?
Hibernate: 
    select
        i1_0.id,
        i1_0.available_quantity,
        i1_0.created_at,
        i1_0.product_id,
        i1_0.reserved_quantity,
        i1_0.sold_quantity,
        i1_0.updated_at,
        i1_0.version 
    from
        inventory i1_0 
    where
        i1_0.product_id=?
2026-08-14T01:14:02.538+05:30 DEBUG 22184 --- [shopsphere-backend] [nio-8081-exec-7] org.hibernate.SQL                        : 
    select
        i1_0.id,
        i1_0.available_quantity,
        i1_0.created_at,
        i1_0.product_id,
        i1_0.reserved_quantity,
        i1_0.sold_quantity,
        i1_0.updated_at,
        i1_0.version 
    from
        inventory i1_0 
    where
        i1_0.product_id=?
Hibernate: 
    select
        i1_0.id,
        i1_0.available_quantity,
        i1_0.created_at,
        i1_0.product_id,
        i1_0.reserved_quantity,
        i1_0.sold_quantity,
        i1_0.updated_at,
        i1_0.version 
    from
        inventory i1_0 
    where
        i1_0.product_id=?
2026-08-14T01:14:02.540+05:30 DEBUG 22184 --- [shopsphere-backend] [nio-8081-exec-7] org.hibernate.SQL                        : 
    select
        i1_0.id,
        i1_0.available_quantity,
        i1_0.created_at,
        i1_0.product_id,
        i1_0.reserved_quantity,
        i1_0.sold_quantity,
        i1_0.updated_at,
        i1_0.version 
    from
        inventory i1_0 
    where
        i1_0.product_id=?
Hibernate: 
    select
        i1_0.id,
        i1_0.available_quantity,
        i1_0.created_at,
        i1_0.product_id,
        i1_0.reserved_quantity,
        i1_0.sold_quantity,
        i1_0.updated_at,
        i1_0.version 
    from
        inventory i1_0 
    where
        i1_0.product_id=?
2026-08-14T01:14:02.543+05:30 DEBUG 22184 --- [shopsphere-backend] [nio-8081-exec-7] org.hibernate.SQL                        : 
    select
        i1_0.id,
        i1_0.available_quantity,
        i1_0.created_at,
        i1_0.product_id,
        i1_0.reserved_quantity,
        i1_0.sold_quantity,
        i1_0.updated_at,
        i1_0.version 
    from
        inventory i1_0 
    where
        i1_0.product_id=?
Hibernate: 
    select
        i1_0.id,
        i1_0.available_quantity,
        i1_0.created_at,
        i1_0.product_id,
        i1_0.reserved_quantity,
        i1_0.sold_quantity,
        i1_0.updated_at,
        i1_0.version 
    from
        inventory i1_0 
    where
        i1_0.product_id=?
2026-08-14T01:14:02.545+05:30 DEBUG 22184 --- [shopsphere-backend] [nio-8081-exec-7] org.hibernate.SQL                        : 
    select
        i1_0.id,
        i1_0.available_quantity,
        i1_0.created_at,
        i1_0.product_id,
        i1_0.reserved_quantity,
        i1_0.sold_quantity,
        i1_0.updated_at,
        i1_0.version 
    from
        inventory i1_0 
    where
        i1_0.product_id=?
Hibernate: 
    select
        i1_0.id,
        i1_0.available_quantity,
        i1_0.created_at,
        i1_0.product_id,
        i1_0.reserved_quantity,
        i1_0.sold_quantity,
        i1_0.updated_at,
        i1_0.version 
    from
        inventory i1_0 
    where
        i1_0.product_id=?
2026-08-14T01:14:02.549+05:30 DEBUG 22184 --- [shopsphere-backend] [nio-8081-exec-7] org.hibernate.SQL                        : 
    select
        i1_0.id,
        i1_0.available_quantity,
        i1_0.created_at,
        i1_0.product_id,
        i1_0.reserved_quantity,
        i1_0.sold_quantity,
        i1_0.updated_at,
        i1_0.version 
    from
        inventory i1_0 
    where
        i1_0.product_id=?
Hibernate: 
    select
        i1_0.id,
        i1_0.available_quantity,
        i1_0.created_at,
        i1_0.product_id,
        i1_0.reserved_quantity,
        i1_0.sold_quantity,
        i1_0.updated_at,
        i1_0.version 
    from
        inventory i1_0 
    where
        i1_0.product_id=?
2026-08-14T01:14:02.551+05:30 DEBUG 22184 --- [shopsphere-backend] [nio-8081-exec-7] org.hibernate.SQL                        : 
    select
        i1_0.id,
        i1_0.available_quantity,
        i1_0.created_at,
        i1_0.product_id,
        i1_0.reserved_quantity,
        i1_0.sold_quantity,
        i1_0.updated_at,
        i1_0.version 
    from
        inventory i1_0 
    where
        i1_0.product_id=?
Hibernate: 
    select
        i1_0.id,
        i1_0.available_quantity,
        i1_0.created_at,
        i1_0.product_id,
        i1_0.reserved_quantity,
        i1_0.sold_quantity,
        i1_0.updated_at,
        i1_0.version 
    from
        inventory i1_0 
    where
        i1_0.product_id=?
2026-08-14T01:14:02.554+05:30 DEBUG 22184 --- [shopsphere-backend] [nio-8081-exec-7] org.hibernate.SQL                        : 
    select
        i1_0.id,
        i1_0.available_quantity,
        i1_0.created_at,
        i1_0.product_id,
        i1_0.reserved_quantity,
        i1_0.sold_quantity,
        i1_0.updated_at,
        i1_0.version 
    from
        inventory i1_0 
    where
        i1_0.product_id=?
Hibernate: 
    select
        i1_0.id,
        i1_0.available_quantity,
        i1_0.created_at,
        i1_0.product_id,
        i1_0.reserved_quantity,
        i1_0.sold_quantity,
        i1_0.updated_at,
        i1_0.version 
    from
        inventory i1_0 
    where
        i1_0.product_id=?
2026-08-14T01:14:02.554+05:30 DEBUG 22184 --- [shopsphere-backend] [nio-8081-exec-7] org.hibernate.SQL                        : 
    select
        i1_0.id,
        i1_0.available_quantity,
        i1_0.created_at,
        i1_0.product_id,
        i1_0.reserved_quantity,
        i1_0.sold_quantity,
        i1_0.updated_at,
        i1_0.version 
    from
        inventory i1_0 
    where
        i1_0.product_id=?
Hibernate: 
    select
        i1_0.id,
        i1_0.available_quantity,
        i1_0.created_at,
        i1_0.product_id,
        i1_0.reserved_quantity,
        i1_0.sold_quantity,
        i1_0.updated_at,
        i1_0.version 
    from
        inventory i1_0 
    where
        i1_0.product_id=?
2026-08-14T01:14:02.554+05:30 DEBUG 22184 --- [shopsphere-backend] [nio-8081-exec-7] org.hibernate.SQL                        : 
    select
        i1_0.id,
        i1_0.available_quantity,
        i1_0.created_at,
        i1_0.product_id,
        i1_0.reserved_quantity,
        i1_0.sold_quantity,
        i1_0.updated_at,
        i1_0.version 
    from
        inventory i1_0 
    where
        i1_0.product_id=?
Hibernate: 
    select
        i1_0.id,
        i1_0.available_quantity,
        i1_0.created_at,
        i1_0.product_id,
        i1_0.reserved_quantity,
        i1_0.sold_quantity,
        i1_0.updated_at,
        i1_0.version 
    from
        inventory i1_0 
    where
        i1_0.product_id=?
2026-08-14T01:14:02.554+05:30 DEBUG 22184 --- [shopsphere-backend] [nio-8081-exec-7] org.hibernate.SQL                        : 
    select
        i1_0.id,
        i1_0.available_quantity,
        i1_0.created_at,
        i1_0.product_id,
        i1_0.reserved_quantity,
        i1_0.sold_quantity,
        i1_0.updated_at,
        i1_0.version 
    from
        inventory i1_0 
    where
        i1_0.product_id=?
Hibernate: 
    select
        i1_0.id,
        i1_0.available_quantity,
        i1_0.created_at,
        i1_0.product_id,
        i1_0.reserved_quantity,
        i1_0.sold_quantity,
        i1_0.updated_at,
        i1_0.version 
    from
        inventory i1_0 
    where
        i1_0.product_id=?
2026-08-14T01:14:02.561+05:30 DEBUG 22184 --- [shopsphere-backend] [nio-8081-exec-7] org.hibernate.SQL                        : 
    select
        i1_0.id,
        i1_0.available_quantity,
        i1_0.created_at,
        i1_0.product_id,
        i1_0.reserved_quantity,
        i1_0.sold_quantity,
        i1_0.updated_at,
        i1_0.version 
    from
        inventory i1_0 
    where
        i1_0.product_id=?
Hibernate: 
    select
        i1_0.id,
        i1_0.available_quantity,
        i1_0.created_at,
        i1_0.product_id,
        i1_0.reserved_quantity,
        i1_0.sold_quantity,
        i1_0.updated_at,
        i1_0.version 
    from
        inventory i1_0 
    where
        i1_0.product_id=?
2026-08-14T01:14:02.561+05:30 DEBUG 22184 --- [shopsphere-backend] [nio-8081-exec-7] org.hibernate.SQL                        : 
    select
        i1_0.id,
        i1_0.available_quantity,
        i1_0.created_at,
        i1_0.product_id,
        i1_0.reserved_quantity,
        i1_0.sold_quantity,
        i1_0.updated_at,
        i1_0.version 
    from
        inventory i1_0 
    where
        i1_0.product_id=?
Hibernate: 
    select
        i1_0.id,
        i1_0.available_quantity,
        i1_0.created_at,
        i1_0.product_id,
        i1_0.reserved_quantity,
        i1_0.sold_quantity,
        i1_0.updated_at,
        i1_0.version 
    from
        inventory i1_0 
    where
        i1_0.product_id=?
2026-08-14T01:14:02.565+05:30 DEBUG 22184 --- [shopsphere-backend] [nio-8081-exec-7] org.hibernate.SQL                        : 
    select
        i1_0.id,
        i1_0.available_quantity,
        i1_0.created_at,
        i1_0.product_id,
        i1_0.reserved_quantity,
        i1_0.sold_quantity,
        i1_0.updated_at,
        i1_0.version 
    from
        inventory i1_0 
    where
        i1_0.product_id=?
Hibernate: 
    select
        i1_0.id,
        i1_0.available_quantity,
        i1_0.created_at,
        i1_0.product_id,
        i1_0.reserved_quantity,
        i1_0.sold_quantity,
        i1_0.updated_at,
        i1_0.version 
    from
        inventory i1_0 
    where
        i1_0.product_id=?
2026-08-14T01:14:02.569+05:30 DEBUG 22184 --- [shopsphere-backend] [nio-8081-exec-7] org.hibernate.SQL                        : 
    select
        i1_0.id,
        i1_0.available_quantity,
        i1_0.created_at,
        i1_0.product_id,
        i1_0.reserved_quantity,
        i1_0.sold_quantity,
        i1_0.updated_at,
        i1_0.version 
    from
        inventory i1_0 
    where
        i1_0.product_id=?
Hibernate: 
    select
        i1_0.id,
        i1_0.available_quantity,
        i1_0.created_at,
        i1_0.product_id,
        i1_0.reserved_quantity,
        i1_0.sold_quantity,
        i1_0.updated_at,
        i1_0.version 
    from
        inventory i1_0 
    where
        i1_0.product_id=?
2026-08-14T01:14:02.569+05:30 DEBUG 22184 --- [shopsphere-backend] [nio-8081-exec-7] org.hibernate.SQL                        : 
    select
        i1_0.id,
        i1_0.available_quantity,
        i1_0.created_at,
        i1_0.product_id,
        i1_0.reserved_quantity,
        i1_0.sold_quantity,
        i1_0.updated_at,
        i1_0.version 
    from
        inventory i1_0 
    where
        i1_0.product_id=?
Hibernate: 
    select
        i1_0.id,
        i1_0.available_quantity,
        i1_0.created_at,
        i1_0.product_id,
        i1_0.reserved_quantity,
        i1_0.sold_quantity,
        i1_0.updated_at,
        i1_0.version 
    from
        inventory i1_0 
    where
        i1_0.product_id=?
2026-08-14T01:14:02.572+05:30 DEBUG 22184 --- [shopsphere-backend] [nio-8081-exec-7] org.hibernate.SQL                        : 
    select
        i1_0.id,
        i1_0.available_quantity,
        i1_0.created_at,
        i1_0.product_id,
        i1_0.reserved_quantity,
        i1_0.sold_quantity,
        i1_0.updated_at,
        i1_0.version 
    from
        inventory i1_0 
    where
        i1_0.product_id=?
Hibernate: 
    select
        i1_0.id,
        i1_0.available_quantity,
        i1_0.created_at,
        i1_0.product_id,
        i1_0.reserved_quantity,
        i1_0.sold_quantity,
        i1_0.updated_at,
        i1_0.version 
    from
        inventory i1_0 
    where
        i1_0.product_id=?
2026-08-14T01:14:02.572+05:30 DEBUG 22184 --- [shopsphere-backend] [nio-8081-exec-7] org.hibernate.SQL                        : 
    select
        i1_0.id,
        i1_0.available_quantity,
        i1_0.created_at,
        i1_0.product_id,
        i1_0.reserved_quantity,
        i1_0.sold_quantity,
        i1_0.updated_at,
        i1_0.version 
    from
        inventory i1_0 
    where
        i1_0.product_id=?
Hibernate: 
    select
        i1_0.id,
        i1_0.available_quantity,
        i1_0.created_at,
        i1_0.product_id,
        i1_0.reserved_quantity,
        i1_0.sold_quantity,
        i1_0.updated_at,
        i1_0.version 
    from
        inventory i1_0 
    where
        i1_0.product_id=?
2026-08-14T01:14:02.577+05:30 DEBUG 22184 --- [shopsphere-backend] [nio-8081-exec-7] org.hibernate.SQL                        : 
    select
        i1_0.id,
        i1_0.available_quantity,
        i1_0.created_at,
        i1_0.product_id,
        i1_0.reserved_quantity,
        i1_0.sold_quantity,
        i1_0.updated_at,
        i1_0.version 
    from
        inventory i1_0 
    where
        i1_0.product_id=?
Hibernate: 
    select
        i1_0.id,
        i1_0.available_quantity,
        i1_0.created_at,
        i1_0.product_id,
        i1_0.reserved_quantity,
        i1_0.sold_quantity,
        i1_0.updated_at,
        i1_0.version 
    from
        inventory i1_0 
    where
        i1_0.product_id=?
2026-08-14T01:14:02.577+05:30 DEBUG 22184 --- [shopsphere-backend] [nio-8081-exec-7] org.hibernate.SQL                        : 
    select
        i1_0.id,
        i1_0.available_quantity,
        i1_0.created_at,
        i1_0.product_id,
        i1_0.reserved_quantity,
        i1_0.sold_quantity,
        i1_0.updated_at,
        i1_0.version 
    from
        inventory i1_0 
    where
        i1_0.product_id=?
Hibernate: 
    select
        i1_0.id,
        i1_0.available_quantity,
        i1_0.created_at,
        i1_0.product_id,
        i1_0.reserved_quantity,
        i1_0.sold_quantity,
        i1_0.updated_at,
        i1_0.version 
    from
        inventory i1_0 
    where
        i1_0.product_id=?
2026-08-14T01:14:02.582+05:30 DEBUG 22184 --- [shopsphere-backend] [nio-8081-exec-7] org.hibernate.SQL                        : 
    select
        i1_0.id,
        i1_0.available_quantity,
        i1_0.created_at,
        i1_0.product_id,
        i1_0.reserved_quantity,
        i1_0.sold_quantity,
        i1_0.updated_at,
        i1_0.version 
    from
        inventory i1_0 
    where
        i1_0.product_id=?
Hibernate: 
    select
        i1_0.id,
        i1_0.available_quantity,
        i1_0.created_at,
        i1_0.product_id,
        i1_0.reserved_quantity,
        i1_0.sold_quantity,
        i1_0.updated_at,
        i1_0.version 
    from
        inventory i1_0 
    where
        i1_0.product_id=?
2026-08-14T01:14:02.584+05:30 DEBUG 22184 --- [shopsphere-backend] [nio-8081-exec-7] org.hibernate.SQL                        : 
    select
        i1_0.id,
        i1_0.available_quantity,
        i1_0.created_at,
        i1_0.product_id,
        i1_0.reserved_quantity,
        i1_0.sold_quantity,
        i1_0.updated_at,
        i1_0.version 
    from
        inventory i1_0 
    where
        i1_0.product_id=?
Hibernate: 
    select
        i1_0.id,
        i1_0.available_quantity,
        i1_0.created_at,
        i1_0.product_id,
        i1_0.reserved_quantity,
        i1_0.sold_quantity,
        i1_0.updated_at,
        i1_0.version 
    from
        inventory i1_0 
    where
        i1_0.product_id=?
2026-08-14T01:14:02.586+05:30 DEBUG 22184 --- [shopsphere-backend] [nio-8081-exec-7] org.hibernate.SQL                        : 
    select
        i1_0.id,
        i1_0.available_quantity,
        i1_0.created_at,
        i1_0.product_id,
        i1_0.reserved_quantity,
        i1_0.sold_quantity,
        i1_0.updated_at,
        i1_0.version 
    from
        inventory i1_0 
    where
        i1_0.product_id=?
Hibernate: 
    select
        i1_0.id,
        i1_0.available_quantity,
        i1_0.created_at,
        i1_0.product_id,
        i1_0.reserved_quantity,
        i1_0.sold_quantity,
        i1_0.updated_at,
        i1_0.version 
    from
        inventory i1_0 
    where
        i1_0.product_id=?
2026-08-14T01:14:02.590+05:30 DEBUG 22184 --- [shopsphere-backend] [nio-8081-exec-7] org.hibernate.SQL                        : 
    select
        i1_0.product_id,
        i1_0.id,
        i1_0.created_at,
        i1_0.display_order,
        i1_0.image_url,
        i1_0.is_primary,
        i1_0.updated_at 
    from
        product_images i1_0 
    where
        i1_0.product_id=?
Hibernate: 
    select
        i1_0.product_id,
        i1_0.id,
        i1_0.created_at,
        i1_0.display_order,
        i1_0.image_url,
        i1_0.is_primary,
        i1_0.updated_at 
    from
        product_images i1_0 
    where
        i1_0.product_id=?
2026-08-14T01:14:02.592+05:30 DEBUG 22184 --- [shopsphere-backend] [nio-8081-exec-7] org.hibernate.SQL                        : 
    select
        c1_0.id,
        c1_0.active,
        c1_0.created_at,
        c1_0.description,
        c1_0.name,
        c1_0.parent_id,
        c1_0.slug,
        c1_0.updated_at 
    from
        categories c1_0 
    where
        c1_0.id=?
Hibernate: 
    select
        c1_0.id,
        c1_0.active,
        c1_0.created_at,
        c1_0.description,
        c1_0.name,
        c1_0.parent_id,
        c1_0.slug,
        c1_0.updated_at 
    from
        categories c1_0 
    where
        c1_0.id=?
2026-08-14T01:14:02.594+05:30 DEBUG 22184 --- [shopsphere-backend] [nio-8081-exec-7] org.hibernate.SQL                        : 
    select
        sp1_0.id,
        sp1_0.business_email,
        sp1_0.business_phone,
        sp1_0.created_at,
        sp1_0.description,
        sp1_0.status,
        sp1_0.store_name,
        sp1_0.tax_id,
        sp1_0.updated_at,
        sp1_0.user_id 
    from
        seller_profiles sp1_0 
    where
        sp1_0.id=?
Hibernate: 
    select
        sp1_0.id,
        sp1_0.business_email,
        sp1_0.business_phone,
        sp1_0.created_at,
        sp1_0.description,
        sp1_0.status,
        sp1_0.store_name,
        sp1_0.tax_id,
        sp1_0.updated_at,
        sp1_0.user_id 
    from
        seller_profiles sp1_0 
    where
        sp1_0.id=?
2026-08-14T01:14:02.594+05:30 DEBUG 22184 --- [shopsphere-backend] [nio-8081-exec-7] org.hibernate.SQL                        : 
    select
        i1_0.product_id,
        i1_0.id,
        i1_0.created_at,
        i1_0.display_order,
        i1_0.image_url,
        i1_0.is_primary,
        i1_0.updated_at 
    from
        product_images i1_0 
    where
        i1_0.product_id=?
Hibernate: 
    select
        i1_0.product_id,
        i1_0.id,
        i1_0.created_at,
        i1_0.display_order,
        i1_0.image_url,
        i1_0.is_primary,
        i1_0.updated_at 
    from
        product_images i1_0 
    where
        i1_0.product_id=?
2026-08-14T01:14:02.599+05:30 DEBUG 22184 --- [shopsphere-backend] [nio-8081-exec-7] org.hibernate.SQL                        : 
    select
        c1_0.id,
        c1_0.active,
        c1_0.created_at,
        c1_0.description,
        c1_0.name,
        c1_0.parent_id,
        c1_0.slug,
        c1_0.updated_at 
    from
        categories c1_0 
    where
        c1_0.id=?
Hibernate: 
    select
        c1_0.id,
        c1_0.active,
        c1_0.created_at,
        c1_0.description,
        c1_0.name,
        c1_0.parent_id,
        c1_0.slug,
        c1_0.updated_at 
    from
        categories c1_0 
    where
        c1_0.id=?
2026-08-14T01:14:02.599+05:30 DEBUG 22184 --- [shopsphere-backend] [nio-8081-exec-7] org.hibernate.SQL                        : 
    select
        i1_0.product_id,
        i1_0.id,
        i1_0.created_at,
        i1_0.display_order,
        i1_0.image_url,
        i1_0.is_primary,
        i1_0.updated_at 
    from
        product_images i1_0 
    where
        i1_0.product_id=?
Hibernate: 
    select
        i1_0.product_id,
        i1_0.id,
        i1_0.created_at,
        i1_0.display_order,
        i1_0.image_url,
        i1_0.is_primary,
        i1_0.updated_at 
    from
        product_images i1_0 
    where
        i1_0.product_id=?
2026-08-14T01:14:02.603+05:30 DEBUG 22184 --- [shopsphere-backend] [nio-8081-exec-7] org.hibernate.SQL                        : 
    select
        c1_0.id,
        c1_0.active,
        c1_0.created_at,
        c1_0.description,
        c1_0.name,
        c1_0.parent_id,
        c1_0.slug,
        c1_0.updated_at 
    from
        categories c1_0 
    where
        c1_0.id=?
Hibernate: 
    select
        c1_0.id,
        c1_0.active,
        c1_0.created_at,
        c1_0.description,
        c1_0.name,
        c1_0.parent_id,
        c1_0.slug,
        c1_0.updated_at 
    from
        categories c1_0 
    where
        c1_0.id=?
2026-08-14T01:14:02.603+05:30 DEBUG 22184 --- [shopsphere-backend] [nio-8081-exec-7] org.hibernate.SQL                        : 
    select
        i1_0.product_id,
        i1_0.id,
        i1_0.created_at,
        i1_0.display_order,
        i1_0.image_url,
        i1_0.is_primary,
        i1_0.updated_at 
    from
        product_images i1_0 
    where
        i1_0.product_id=?
Hibernate: 
    select
        i1_0.product_id,
        i1_0.id,
        i1_0.created_at,
        i1_0.display_order,
        i1_0.image_url,
        i1_0.is_primary,
        i1_0.updated_at 
    from
        product_images i1_0 
    where
        i1_0.product_id=?
2026-08-14T01:14:02.603+05:30 DEBUG 22184 --- [shopsphere-backend] [nio-8081-exec-7] org.hibernate.SQL                        : 
    select
        c1_0.id,
        c1_0.active,
        c1_0.created_at,
        c1_0.description,
        c1_0.name,
        c1_0.parent_id,
        c1_0.slug,
        c1_0.updated_at 
    from
        categories c1_0 
    where
        c1_0.id=?
Hibernate: 
    select
        c1_0.id,
        c1_0.active,
        c1_0.created_at,
        c1_0.description,
        c1_0.name,
        c1_0.parent_id,
        c1_0.slug,
        c1_0.updated_at 
    from
        categories c1_0 
    where
        c1_0.id=?
2026-08-14T01:14:02.610+05:30 DEBUG 22184 --- [shopsphere-backend] [nio-8081-exec-7] org.hibernate.SQL                        : 
    select
        i1_0.product_id,
        i1_0.id,
        i1_0.created_at,
        i1_0.display_order,
        i1_0.image_url,
        i1_0.is_primary,
        i1_0.updated_at 
    from
        product_images i1_0 
    where
        i1_0.product_id=?
Hibernate: 
    select
        i1_0.product_id,
        i1_0.id,
        i1_0.created_at,
        i1_0.display_order,
        i1_0.image_url,
        i1_0.is_primary,
        i1_0.updated_at 
    from
        product_images i1_0 
    where
        i1_0.product_id=?
2026-08-14T01:14:02.614+05:30 DEBUG 22184 --- [shopsphere-backend] [nio-8081-exec-7] org.hibernate.SQL                        : 
    select
        c1_0.id,
        c1_0.active,
        c1_0.created_at,
        c1_0.description,
        c1_0.name,
        c1_0.parent_id,
        c1_0.slug,
        c1_0.updated_at 
    from
        categories c1_0 
    where
        c1_0.id=?
Hibernate: 
    select
        c1_0.id,
        c1_0.active,
        c1_0.created_at,
        c1_0.description,
        c1_0.name,
        c1_0.parent_id,
        c1_0.slug,
        c1_0.updated_at 
    from
        categories c1_0 
    where
        c1_0.id=?
2026-08-14T01:14:02.617+05:30 DEBUG 22184 --- [shopsphere-backend] [nio-8081-exec-7] org.hibernate.SQL                        : 
    select
        i1_0.product_id,
        i1_0.id,
        i1_0.created_at,
        i1_0.display_order,
        i1_0.image_url,
        i1_0.is_primary,
        i1_0.updated_at 
    from
        product_images i1_0 
    where
        i1_0.product_id=?
Hibernate: 
    select
        i1_0.product_id,
        i1_0.id,
        i1_0.created_at,
        i1_0.display_order,
        i1_0.image_url,
        i1_0.is_primary,
        i1_0.updated_at 
    from
        product_images i1_0 
    where
        i1_0.product_id=?
2026-08-14T01:14:02.620+05:30 DEBUG 22184 --- [shopsphere-backend] [nio-8081-exec-7] org.hibernate.SQL                        : 
    select
        i1_0.product_id,
        i1_0.id,
        i1_0.created_at,
        i1_0.display_order,
        i1_0.image_url,
        i1_0.is_primary,
        i1_0.updated_at 
    from
        product_images i1_0 
    where
        i1_0.product_id=?
Hibernate: 
    select
        i1_0.product_id,
        i1_0.id,
        i1_0.created_at,
        i1_0.display_order,
        i1_0.image_url,
        i1_0.is_primary,
        i1_0.updated_at 
    from
        product_images i1_0 
    where
        i1_0.product_id=?
2026-08-14T01:14:02.620+05:30 DEBUG 22184 --- [shopsphere-backend] [nio-8081-exec-7] org.hibernate.SQL                        : 
    select
        c1_0.id,
        c1_0.active,
        c1_0.created_at,
        c1_0.description,
        c1_0.name,
        c1_0.parent_id,
        c1_0.slug,
        c1_0.updated_at 
    from
        categories c1_0 
    where
        c1_0.id=?
Hibernate: 
    select
        c1_0.id,
        c1_0.active,
        c1_0.created_at,
        c1_0.description,
        c1_0.name,
        c1_0.parent_id,
        c1_0.slug,
        c1_0.updated_at 
    from
        categories c1_0 
    where
        c1_0.id=?
2026-08-14T01:14:02.624+05:30 DEBUG 22184 --- [shopsphere-backend] [nio-8081-exec-7] org.hibernate.SQL                        : 
    select
        i1_0.product_id,
        i1_0.id,
        i1_0.created_at,
        i1_0.display_order,
        i1_0.image_url,
        i1_0.is_primary,
        i1_0.updated_at 
    from
        product_images i1_0 
    where
        i1_0.product_id=?
Hibernate: 
    select
        i1_0.product_id,
        i1_0.id,
        i1_0.created_at,
        i1_0.display_order,
        i1_0.image_url,
        i1_0.is_primary,
        i1_0.updated_at 
    from
        product_images i1_0 
    where
        i1_0.product_id=?
2026-08-14T01:14:02.624+05:30 DEBUG 22184 --- [shopsphere-backend] [nio-8081-exec-7] org.hibernate.SQL                        : 
    select
        i1_0.product_id,
        i1_0.id,
        i1_0.created_at,
        i1_0.display_order,
        i1_0.image_url,
        i1_0.is_primary,
        i1_0.updated_at 
    from
        product_images i1_0 
    where
        i1_0.product_id=?
Hibernate: 
    select
        i1_0.product_id,
        i1_0.id,
        i1_0.created_at,
        i1_0.display_order,
        i1_0.image_url,
        i1_0.is_primary,
        i1_0.updated_at 
    from
        product_images i1_0 
    where
        i1_0.product_id=?
2026-08-14T01:14:02.624+05:30 DEBUG 22184 --- [shopsphere-backend] [nio-8081-exec-7] org.hibernate.SQL                        : 
    select
        i1_0.product_id,
        i1_0.id,
        i1_0.created_at,
        i1_0.display_order,
        i1_0.image_url,
        i1_0.is_primary,
        i1_0.updated_at 
    from
        product_images i1_0 
    where
        i1_0.product_id=?
Hibernate: 
    select
        i1_0.product_id,
        i1_0.id,
        i1_0.created_at,
        i1_0.display_order,
        i1_0.image_url,
        i1_0.is_primary,
        i1_0.updated_at 
    from
        product_images i1_0 
    where
        i1_0.product_id=?
2026-08-14T01:14:02.624+05:30 DEBUG 22184 --- [shopsphere-backend] [nio-8081-exec-7] org.hibernate.SQL                        : 
    select
        i1_0.product_id,
        i1_0.id,
        i1_0.created_at,
        i1_0.display_order,
        i1_0.image_url,
        i1_0.is_primary,
        i1_0.updated_at 
    from
        product_images i1_0 
    where
        i1_0.product_id=?
Hibernate: 
    select
        i1_0.product_id,
        i1_0.id,
        i1_0.created_at,
        i1_0.display_order,
        i1_0.image_url,
        i1_0.is_primary,
        i1_0.updated_at 
    from
        product_images i1_0 
    where
        i1_0.product_id=?
2026-08-14T01:14:02.624+05:30 DEBUG 22184 --- [shopsphere-backend] [nio-8081-exec-7] org.hibernate.SQL                        : 
    select
        i1_0.product_id,
        i1_0.id,
        i1_0.created_at,
        i1_0.display_order,
        i1_0.image_url,
        i1_0.is_primary,
        i1_0.updated_at 
    from
        product_images i1_0 
    where
        i1_0.product_id=?
Hibernate: 
    select
        i1_0.product_id,
        i1_0.id,
        i1_0.created_at,
        i1_0.display_order,
        i1_0.image_url,
        i1_0.is_primary,
        i1_0.updated_at 
    from
        product_images i1_0 
    where
        i1_0.product_id=?
2026-08-14T01:14:02.633+05:30 DEBUG 22184 --- [shopsphere-backend] [nio-8081-exec-7] org.hibernate.SQL                        : 
    select
        c1_0.id,
        c1_0.active,
        c1_0.created_at,
        c1_0.description,
        c1_0.name,
        c1_0.parent_id,
        c1_0.slug,
        c1_0.updated_at 
    from
        categories c1_0 
    where
        c1_0.id=?
Hibernate: 
    select
        c1_0.id,
        c1_0.active,
        c1_0.created_at,
        c1_0.description,
        c1_0.name,
        c1_0.parent_id,
        c1_0.slug,
        c1_0.updated_at 
    from
        categories c1_0 
    where
        c1_0.id=?
2026-08-14T01:14:02.635+05:30 DEBUG 22184 --- [shopsphere-backend] [nio-8081-exec-7] org.hibernate.SQL                        : 
    select
        i1_0.product_id,
        i1_0.id,
        i1_0.created_at,
        i1_0.display_order,
        i1_0.image_url,
        i1_0.is_primary,
        i1_0.updated_at 
    from
        product_images i1_0 
    where
        i1_0.product_id=?
Hibernate: 
    select
        i1_0.product_id,
        i1_0.id,
        i1_0.created_at,
        i1_0.display_order,
        i1_0.image_url,
        i1_0.is_primary,
        i1_0.updated_at 
    from
        product_images i1_0 
    where
        i1_0.product_id=?
2026-08-14T01:14:02.637+05:30 DEBUG 22184 --- [shopsphere-backend] [nio-8081-exec-7] org.hibernate.SQL                        : 
    select
        i1_0.product_id,
        i1_0.id,
        i1_0.created_at,
        i1_0.display_order,
        i1_0.image_url,
        i1_0.is_primary,
        i1_0.updated_at 
    from
        product_images i1_0 
    where
        i1_0.product_id=?
Hibernate: 
    select
        i1_0.product_id,
        i1_0.id,
        i1_0.created_at,
        i1_0.display_order,
        i1_0.image_url,
        i1_0.is_primary,
        i1_0.updated_at 
    from
        product_images i1_0 
    where
        i1_0.product_id=?
2026-08-14T01:14:02.637+05:30 DEBUG 22184 --- [shopsphere-backend] [nio-8081-exec-7] org.hibernate.SQL                        : 
    select
        i1_0.product_id,
        i1_0.id,
        i1_0.created_at,
        i1_0.display_order,
        i1_0.image_url,
        i1_0.is_primary,
        i1_0.updated_at 
    from
        product_images i1_0 
    where
        i1_0.product_id=?
Hibernate: 
    select
        i1_0.product_id,
        i1_0.id,
        i1_0.created_at,
        i1_0.display_order,
        i1_0.image_url,
        i1_0.is_primary,
        i1_0.updated_at 
    from
        product_images i1_0 
    where
        i1_0.product_id=?
2026-08-14T01:14:02.640+05:30 DEBUG 22184 --- [shopsphere-backend] [nio-8081-exec-7] org.hibernate.SQL                        : 
    select
        i1_0.product_id,
        i1_0.id,
        i1_0.created_at,
        i1_0.display_order,
        i1_0.image_url,
        i1_0.is_primary,
        i1_0.updated_at 
    from
        product_images i1_0 
    where
        i1_0.product_id=?
Hibernate: 
    select
        i1_0.product_id,
        i1_0.id,
        i1_0.created_at,
        i1_0.display_order,
        i1_0.image_url,
        i1_0.is_primary,
        i1_0.updated_at 
    from
        product_images i1_0 
    where
        i1_0.product_id=?
2026-08-14T01:14:02.640+05:30 DEBUG 22184 --- [shopsphere-backend] [nio-8081-exec-7] org.hibernate.SQL                        : 
    select
        i1_0.product_id,
        i1_0.id,
        i1_0.created_at,
        i1_0.display_order,
        i1_0.image_url,
        i1_0.is_primary,
        i1_0.updated_at 
    from
        product_images i1_0 
    where
        i1_0.product_id=?
Hibernate: 
    select
        i1_0.product_id,
        i1_0.id,
        i1_0.created_at,
        i1_0.display_order,
        i1_0.image_url,
        i1_0.is_primary,
        i1_0.updated_at 
    from
        product_images i1_0 
    where
        i1_0.product_id=?
2026-08-14T01:14:02.640+05:30 DEBUG 22184 --- [shopsphere-backend] [nio-8081-exec-7] org.hibernate.SQL                        : 
    select
        i1_0.product_id,
        i1_0.id,
        i1_0.created_at,
        i1_0.display_order,
        i1_0.image_url,
        i1_0.is_primary,
        i1_0.updated_at 
    from
        product_images i1_0 
    where
        i1_0.product_id=?
Hibernate: 
    select
        i1_0.product_id,
        i1_0.id,
        i1_0.created_at,
        i1_0.display_order,
        i1_0.image_url,
        i1_0.is_primary,
        i1_0.updated_at 
    from
        product_images i1_0 
    where
        i1_0.product_id=?
2026-08-14T01:14:02.645+05:30 DEBUG 22184 --- [shopsphere-backend] [nio-8081-exec-7] org.hibernate.SQL                        : 
    select
        c1_0.id,
        c1_0.active,
        c1_0.created_at,
        c1_0.description,
        c1_0.name,
        c1_0.parent_id,
        c1_0.slug,
        c1_0.updated_at 
    from
        categories c1_0 
    where
        c1_0.id=?
Hibernate: 
    select
        c1_0.id,
        c1_0.active,
        c1_0.created_at,
        c1_0.description,
        c1_0.name,
        c1_0.parent_id,
        c1_0.slug,
        c1_0.updated_at 
    from
        categories c1_0 
    where
        c1_0.id=?
2026-08-14T01:14:02.645+05:30 DEBUG 22184 --- [shopsphere-backend] [nio-8081-exec-7] org.hibernate.SQL                        : 
    select
        i1_0.product_id,
        i1_0.id,
        i1_0.created_at,
        i1_0.display_order,
        i1_0.image_url,
        i1_0.is_primary,
        i1_0.updated_at 
    from
        product_images i1_0 
    where
        i1_0.product_id=?
Hibernate: 
    select
        i1_0.product_id,
        i1_0.id,
        i1_0.created_at,
        i1_0.display_order,
        i1_0.image_url,
        i1_0.is_primary,
        i1_0.updated_at 
    from
        product_images i1_0 
    where
        i1_0.product_id=?
2026-08-14T01:14:02.645+05:30 DEBUG 22184 --- [shopsphere-backend] [nio-8081-exec-7] org.hibernate.SQL                        : 
    select
        i1_0.product_id,
        i1_0.id,
        i1_0.created_at,
        i1_0.display_order,
        i1_0.image_url,
        i1_0.is_primary,
        i1_0.updated_at 
    from
        product_images i1_0 
    where
        i1_0.product_id=?
Hibernate: 
    select
        i1_0.product_id,
        i1_0.id,
        i1_0.created_at,
        i1_0.display_order,
        i1_0.image_url,
        i1_0.is_primary,
        i1_0.updated_at 
    from
        product_images i1_0 
    where
        i1_0.product_id=?
2026-08-14T01:14:02.649+05:30 DEBUG 22184 --- [shopsphere-backend] [nio-8081-exec-7] org.hibernate.SQL                        : 
    select
        c1_0.id,
        c1_0.active,
        c1_0.created_at,
        c1_0.description,
        c1_0.name,
        c1_0.parent_id,
        c1_0.slug,
        c1_0.updated_at 
    from
        categories c1_0 
    where
        c1_0.id=?
Hibernate: 
    select
        c1_0.id,
        c1_0.active,
        c1_0.created_at,
        c1_0.description,
        c1_0.name,
        c1_0.parent_id,
        c1_0.slug,
        c1_0.updated_at 
    from
        categories c1_0 
    where
        c1_0.id=?
2026-08-14T01:14:02.649+05:30 DEBUG 22184 --- [shopsphere-backend] [nio-8081-exec-7] org.hibernate.SQL                        : 
    select
        i1_0.product_id,
        i1_0.id,
        i1_0.created_at,
        i1_0.display_order,
        i1_0.image_url,
        i1_0.is_primary,
        i1_0.updated_at 
    from
        product_images i1_0 
    where
        i1_0.product_id=?
Hibernate: 
    select
        i1_0.product_id,
        i1_0.id,
        i1_0.created_at,
        i1_0.display_order,
        i1_0.image_url,
        i1_0.is_primary,
        i1_0.updated_at 
    from
        product_images i1_0 
    where
        i1_0.product_id=?
2026-08-14T01:14:02.649+05:30 DEBUG 22184 --- [shopsphere-backend] [nio-8081-exec-7] org.hibernate.SQL                        : 
    select
        i1_0.product_id,
        i1_0.id,
        i1_0.created_at,
        i1_0.display_order,
        i1_0.image_url,
        i1_0.is_primary,
        i1_0.updated_at 
    from
        product_images i1_0 
    where
        i1_0.product_id=?
Hibernate: 
    select
        i1_0.product_id,
        i1_0.id,
        i1_0.created_at,
        i1_0.display_order,
        i1_0.image_url,
        i1_0.is_primary,
        i1_0.updated_at 
    from
        product_images i1_0 
    where
        i1_0.product_id=?
2026-08-14T01:14:02.655+05:30 DEBUG 22184 --- [shopsphere-backend] [nio-8081-exec-7] org.hibernate.SQL                        : 
    select
        c1_0.id,
        c1_0.active,
        c1_0.created_at,
        c1_0.description,
        c1_0.name,
        c1_0.parent_id,
        c1_0.slug,
        c1_0.updated_at 
    from
        categories c1_0 
    where
        c1_0.id=?
Hibernate: 
    select
        c1_0.id,
        c1_0.active,
        c1_0.created_at,
        c1_0.description,
        c1_0.name,
        c1_0.parent_id,
        c1_0.slug,
        c1_0.updated_at 
    from
        categories c1_0 
    where
        c1_0.id=?
2026-08-14T01:14:02.657+05:30 DEBUG 22184 --- [shopsphere-backend] [nio-8081-exec-7] org.hibernate.SQL                        : 
    select
        i1_0.product_id,
        i1_0.id,
        i1_0.created_at,
        i1_0.display_order,
        i1_0.image_url,
        i1_0.is_primary,
        i1_0.updated_at 
    from
        product_images i1_0 
    where
        i1_0.product_id=?
Hibernate: 
    select
        i1_0.product_id,
        i1_0.id,
        i1_0.created_at,
        i1_0.display_order,
        i1_0.image_url,
        i1_0.is_primary,
        i1_0.updated_at 
    from
        product_images i1_0 
    where
        i1_0.product_id=?
2026-08-14T01:14:02.657+05:30 DEBUG 22184 --- [shopsphere-backend] [nio-8081-exec-7] org.hibernate.SQL                        : 
    select
        i1_0.product_id,
        i1_0.id,
        i1_0.created_at,
        i1_0.display_order,
        i1_0.image_url,
        i1_0.is_primary,
        i1_0.updated_at 
    from
        product_images i1_0 
    where
        i1_0.product_id=?
Hibernate: 
    select
        i1_0.product_id,
        i1_0.id,
        i1_0.created_at,
        i1_0.display_order,
        i1_0.image_url,
        i1_0.is_primary,
        i1_0.updated_at 
    from
        product_images i1_0 
    where
        i1_0.product_id=?
2026-08-14T01:14:02.659+05:30 DEBUG 22184 --- [shopsphere-backend] [nio-8081-exec-7] org.hibernate.SQL                        : 
    select
        c1_0.id,
        c1_0.active,
        c1_0.created_at,
        c1_0.description,
        c1_0.name,
        c1_0.parent_id,
        c1_0.slug,
        c1_0.updated_at 
    from
        categories c1_0 
    where
        c1_0.id=?
Hibernate: 
    select
        c1_0.id,
        c1_0.active,
        c1_0.created_at,
        c1_0.description,
        c1_0.name,
        c1_0.parent_id,
        c1_0.slug,
        c1_0.updated_at 
    from
        categories c1_0 
    where
        c1_0.id=?
2026-08-14T01:14:02.659+05:30 DEBUG 22184 --- [shopsphere-backend] [nio-8081-exec-7] m.m.a.RequestResponseBodyMethodProcessor : Using 'application/json', given [application/json, text/plain, */*] and supported [application/json, application/*+json]
2026-08-14T01:14:02.659+05:30 DEBUG 22184 --- [shopsphere-backend] [nio-8081-exec-7] m.m.a.RequestResponseBodyMethodProcessor : Writing [[ProductResponse(id=1, title=AeroRun Pro Sneakers, sku=SS-SHOE-001, description=Responsive running s (truncated)...]
2026-08-14T01:14:02.666+05:30 DEBUG 22184 --- [shopsphere-backend] [nio-8081-exec-7] o.s.web.servlet.DispatcherServlet        : Completed 200 OK
2026-08-14T01:14:38.091+05:30 DEBUG 22184 --- [shopsphere-backend] [io-8081-exec-10] o.s.web.servlet.DispatcherServlet        : POST "/api/v1/auth/register", parameters={}
2026-08-14T01:14:38.093+05:30 DEBUG 22184 --- [shopsphere-backend] [io-8081-exec-10] s.w.s.m.m.a.RequestMappingHandlerMapping : Mapped to com.shopsphere.controller.AuthController#register(RegisterRequest)
2026-08-14T01:14:38.155+05:30 DEBUG 22184 --- [shopsphere-backend] [io-8081-exec-10] m.m.a.RequestResponseBodyMethodProcessor : Read "application/json;charset=UTF-8" to [RegisterRequest(fullName=Hira lal Kumar, email=hk2493200@gmail.com, phone=07970836127, password=Hira (truncated)...]
2026-08-14T01:14:38.317+05:30 DEBUG 22184 --- [shopsphere-backend] [io-8081-exec-10] org.hibernate.SQL                        : 
    select
        u1_0.id 
    from
        users u1_0 
    where
        u1_0.email=? 
    limit
        ?
Hibernate: 
    select
        u1_0.id 
    from
        users u1_0 
    where
        u1_0.email=? 
    limit
        ?
2026-08-14T01:14:38.463+05:30 DEBUG 22184 --- [shopsphere-backend] [io-8081-exec-10] org.hibernate.SQL                        : 
    insert 
    into
        users
        (created_at, email, enabled, first_name, last_name, password, phone, updated_at) 
    values
        (?, ?, ?, ?, ?, ?, ?, ?)
Hibernate: 
    insert 
    into
        users
        (created_at, email, enabled, first_name, last_name, password, phone, updated_at) 
    values
        (?, ?, ?, ?, ?, ?, ?, ?)
2026-08-14T01:14:38.484+05:30 DEBUG 22184 --- [shopsphere-backend] [io-8081-exec-10] m.m.a.RequestResponseBodyMethodProcessor : Using 'application/json', given [application/json, text/plain, */*] and supported [application/json, application/*+json]
2026-08-14T01:14:38.484+05:30 DEBUG 22184 --- [shopsphere-backend] [io-8081-exec-10] m.m.a.RequestResponseBodyMethodProcessor : Writing [AuthResponse(token=ba1db4ef-8571-4a23-9d63-c451d9777c24, email=hk2493200@gmail.com, fullName=Hira la (truncated)...]
2026-08-14T01:14:38.489+05:30 DEBUG 22184 --- [shopsphere-backend] [io-8081-exec-10] o.s.web.servlet.DispatcherServlet        : Completed 200 OK
2026-08-14T01:14:38.586+05:30 DEBUG 22184 --- [shopsphere-backend] [nio-8081-exec-6] o.s.web.servlet.DispatcherServlet        : GET "/api/v1/products", parameters={}
2026-08-14T01:14:38.586+05:30 DEBUG 22184 --- [shopsphere-backend] [nio-8081-exec-6] s.w.s.m.m.a.RequestMappingHandlerMapping : Mapped to com.shopsphere.controller.ProductController#listProducts()
2026-08-14T01:14:38.592+05:30 DEBUG 22184 --- [shopsphere-backend] [nio-8081-exec-6] org.hibernate.SQL                        : 
    select
        p1_0.id,
        p1_0.active,
        p1_0.average_rating,
        p1_0.brand,
        p1_0.category_id,
        p1_0.color,
        p1_0.created_at,
        p1_0.description,
        p1_0.discount_price,
        p1_0.price,
        p1_0.review_count,
        p1_0.seller_profile_id,
        p1_0.size,
        p1_0.sku,
        p1_0.title,
        p1_0.updated_at 
    from
        products p1_0 
    order by
        p1_0.id
Hibernate: 
    select
        p1_0.id,
        p1_0.active,
        p1_0.average_rating,
        p1_0.brand,
        p1_0.category_id,
        p1_0.color,
        p1_0.created_at,
        p1_0.description,
        p1_0.discount_price,
        p1_0.price,
        p1_0.review_count,
        p1_0.seller_profile_id,
        p1_0.size,
        p1_0.sku,
        p1_0.title,
        p1_0.updated_at 
    from
        products p1_0 
    order by
        p1_0.id
2026-08-14T01:14:38.598+05:30 DEBUG 22184 --- [shopsphere-backend] [nio-8081-exec-6] org.hibernate.SQL                        : 
    select
        i1_0.id,
        i1_0.available_quantity,
        i1_0.created_at,
        i1_0.product_id,
        i1_0.reserved_quantity,
        i1_0.sold_quantity,
        i1_0.updated_at,
        i1_0.version 
    from
        inventory i1_0 
    where
        i1_0.product_id=?
Hibernate: 
    select
        i1_0.id,
        i1_0.available_quantity,
        i1_0.created_at,
        i1_0.product_id,
        i1_0.reserved_quantity,
        i1_0.sold_quantity,
        i1_0.updated_at,
        i1_0.version 
    from
        inventory i1_0 
    where
        i1_0.product_id=?
2026-08-14T01:14:38.600+05:30 DEBUG 22184 --- [shopsphere-backend] [nio-8081-exec-6] org.hibernate.SQL                        : 
    select
        i1_0.id,
        i1_0.available_quantity,
        i1_0.created_at,
        i1_0.product_id,
        i1_0.reserved_quantity,
        i1_0.sold_quantity,
        i1_0.updated_at,
        i1_0.version 
    from
        inventory i1_0 
    where
        i1_0.product_id=?
Hibernate: 
    select
        i1_0.id,
        i1_0.available_quantity,
        i1_0.created_at,
        i1_0.product_id,
        i1_0.reserved_quantity,
        i1_0.sold_quantity,
        i1_0.updated_at,
        i1_0.version 
    from
        inventory i1_0 
    where
        i1_0.product_id=?
2026-08-14T01:14:38.604+05:30 DEBUG 22184 --- [shopsphere-backend] [nio-8081-exec-6] org.hibernate.SQL                        : 
    select
        i1_0.id,
        i1_0.available_quantity,
        i1_0.created_at,
        i1_0.product_id,
        i1_0.reserved_quantity,
        i1_0.sold_quantity,
        i1_0.updated_at,
        i1_0.version 
    from
        inventory i1_0 
    where
        i1_0.product_id=?
Hibernate: 
    select
        i1_0.id,
        i1_0.available_quantity,
        i1_0.created_at,
        i1_0.product_id,
        i1_0.reserved_quantity,
        i1_0.sold_quantity,
        i1_0.updated_at,
        i1_0.version 
    from
        inventory i1_0 
    where
        i1_0.product_id=?
2026-08-14T01:14:38.604+05:30 DEBUG 22184 --- [shopsphere-backend] [nio-8081-exec-6] org.hibernate.SQL                        : 
    select
        i1_0.id,
        i1_0.available_quantity,
        i1_0.created_at,
        i1_0.product_id,
        i1_0.reserved_quantity,
        i1_0.sold_quantity,
        i1_0.updated_at,
        i1_0.version 
    from
        inventory i1_0 
    where
        i1_0.product_id=?
Hibernate: 
    select
        i1_0.id,
        i1_0.available_quantity,
        i1_0.created_at,
        i1_0.product_id,
        i1_0.reserved_quantity,
        i1_0.sold_quantity,
        i1_0.updated_at,
        i1_0.version 
    from
        inventory i1_0 
    where
        i1_0.product_id=?
2026-08-14T01:14:38.604+05:30 DEBUG 22184 --- [shopsphere-backend] [nio-8081-exec-6] org.hibernate.SQL                        : 
    select
        i1_0.id,
        i1_0.available_quantity,
        i1_0.created_at,
        i1_0.product_id,
        i1_0.reserved_quantity,
        i1_0.sold_quantity,
        i1_0.updated_at,
        i1_0.version 
    from
        inventory i1_0 
    where
        i1_0.product_id=?
Hibernate: 
    select
        i1_0.id,
        i1_0.available_quantity,
        i1_0.created_at,
        i1_0.product_id,
        i1_0.reserved_quantity,
        i1_0.sold_quantity,
        i1_0.updated_at,
        i1_0.version 
    from
        inventory i1_0 
    where
        i1_0.product_id=?
2026-08-14T01:14:38.612+05:30 DEBUG 22184 --- [shopsphere-backend] [nio-8081-exec-6] org.hibernate.SQL                        : 
    select
        i1_0.id,
        i1_0.available_quantity,
        i1_0.created_at,
        i1_0.product_id,
        i1_0.reserved_quantity,
        i1_0.sold_quantity,
        i1_0.updated_at,
        i1_0.version 
    from
        inventory i1_0 
    where
        i1_0.product_id=?
Hibernate: 
    select
        i1_0.id,
        i1_0.available_quantity,
        i1_0.created_at,
        i1_0.product_id,
        i1_0.reserved_quantity,
        i1_0.sold_quantity,
        i1_0.updated_at,
        i1_0.version 
    from
        inventory i1_0 
    where
        i1_0.product_id=?
2026-08-14T01:14:38.613+05:30 DEBUG 22184 --- [shopsphere-backend] [nio-8081-exec-6] org.hibernate.SQL                        : 
    select
        i1_0.id,
        i1_0.available_quantity,
        i1_0.created_at,
        i1_0.product_id,
        i1_0.reserved_quantity,
        i1_0.sold_quantity,
        i1_0.updated_at,
        i1_0.version 
    from
        inventory i1_0 
    where
        i1_0.product_id=?
Hibernate: 
    select
        i1_0.id,
        i1_0.available_quantity,
        i1_0.created_at,
        i1_0.product_id,
        i1_0.reserved_quantity,
        i1_0.sold_quantity,
        i1_0.updated_at,
        i1_0.version 
    from
        inventory i1_0 
    where
        i1_0.product_id=?
2026-08-14T01:14:38.618+05:30 DEBUG 22184 --- [shopsphere-backend] [nio-8081-exec-6] org.hibernate.SQL                        : 
    select
        i1_0.id,
        i1_0.available_quantity,
        i1_0.created_at,
        i1_0.product_id,
        i1_0.reserved_quantity,
        i1_0.sold_quantity,
        i1_0.updated_at,
        i1_0.version 
    from
        inventory i1_0 
    where
        i1_0.product_id=?
Hibernate: 
    select
        i1_0.id,
        i1_0.available_quantity,
        i1_0.created_at,
        i1_0.product_id,
        i1_0.reserved_quantity,
        i1_0.sold_quantity,
        i1_0.updated_at,
        i1_0.version 
    from
        inventory i1_0 
    where
        i1_0.product_id=?
2026-08-14T01:14:38.621+05:30 DEBUG 22184 --- [shopsphere-backend] [nio-8081-exec-6] org.hibernate.SQL                        : 
    select
        i1_0.id,
        i1_0.available_quantity,
        i1_0.created_at,
        i1_0.product_id,
        i1_0.reserved_quantity,
        i1_0.sold_quantity,
        i1_0.updated_at,
        i1_0.version 
    from
        inventory i1_0 
    where
        i1_0.product_id=?
Hibernate: 
    select
        i1_0.id,
        i1_0.available_quantity,
        i1_0.created_at,
        i1_0.product_id,
        i1_0.reserved_quantity,
        i1_0.sold_quantity,
        i1_0.updated_at,
        i1_0.version 
    from
        inventory i1_0 
    where
        i1_0.product_id=?
2026-08-14T01:14:38.621+05:30 DEBUG 22184 --- [shopsphere-backend] [nio-8081-exec-6] org.hibernate.SQL                        : 
    select
        i1_0.id,
        i1_0.available_quantity,
        i1_0.created_at,
        i1_0.product_id,
        i1_0.reserved_quantity,
        i1_0.sold_quantity,
        i1_0.updated_at,
        i1_0.version 
    from
        inventory i1_0 
    where
        i1_0.product_id=?
Hibernate: 
    select
        i1_0.id,
        i1_0.available_quantity,
        i1_0.created_at,
        i1_0.product_id,
        i1_0.reserved_quantity,
        i1_0.sold_quantity,
        i1_0.updated_at,
        i1_0.version 
    from
        inventory i1_0 
    where
        i1_0.product_id=?
2026-08-14T01:14:38.621+05:30 DEBUG 22184 --- [shopsphere-backend] [nio-8081-exec-6] org.hibernate.SQL                        : 
    select
        i1_0.id,
        i1_0.available_quantity,
        i1_0.created_at,
        i1_0.product_id,
        i1_0.reserved_quantity,
        i1_0.sold_quantity,
        i1_0.updated_at,
        i1_0.version 
    from
        inventory i1_0 
    where
        i1_0.product_id=?
Hibernate: 
    select
        i1_0.id,
        i1_0.available_quantity,
        i1_0.created_at,
        i1_0.product_id,
        i1_0.reserved_quantity,
        i1_0.sold_quantity,
        i1_0.updated_at,
        i1_0.version 
    from
        inventory i1_0 
    where
        i1_0.product_id=?
2026-08-14T01:14:38.629+05:30 DEBUG 22184 --- [shopsphere-backend] [nio-8081-exec-6] org.hibernate.SQL                        : 
    select
        i1_0.id,
        i1_0.available_quantity,
        i1_0.created_at,
        i1_0.product_id,
        i1_0.reserved_quantity,
        i1_0.sold_quantity,
        i1_0.updated_at,
        i1_0.version 
    from
        inventory i1_0 
    where
        i1_0.product_id=?
Hibernate: 
    select
        i1_0.id,
        i1_0.available_quantity,
        i1_0.created_at,
        i1_0.product_id,
        i1_0.reserved_quantity,
        i1_0.sold_quantity,
        i1_0.updated_at,
        i1_0.version 
    from
        inventory i1_0 
    where
        i1_0.product_id=?
2026-08-14T01:14:38.632+05:30 DEBUG 22184 --- [shopsphere-backend] [nio-8081-exec-6] org.hibernate.SQL                        : 
    select
        i1_0.id,
        i1_0.available_quantity,
        i1_0.created_at,
        i1_0.product_id,
        i1_0.reserved_quantity,
        i1_0.sold_quantity,
        i1_0.updated_at,
        i1_0.version 
    from
        inventory i1_0 
    where
        i1_0.product_id=?
Hibernate: 
    select
        i1_0.id,
        i1_0.available_quantity,
        i1_0.created_at,
        i1_0.product_id,
        i1_0.reserved_quantity,
        i1_0.sold_quantity,
        i1_0.updated_at,
        i1_0.version 
    from
        inventory i1_0 
    where
        i1_0.product_id=?
2026-08-14T01:14:38.637+05:30 DEBUG 22184 --- [shopsphere-backend] [nio-8081-exec-6] org.hibernate.SQL                        : 
    select
        i1_0.id,
        i1_0.available_quantity,
        i1_0.created_at,
        i1_0.product_id,
        i1_0.reserved_quantity,
        i1_0.sold_quantity,
        i1_0.updated_at,
        i1_0.version 
    from
        inventory i1_0 
    where
        i1_0.product_id=?
Hibernate: 
    select
        i1_0.id,
        i1_0.available_quantity,
        i1_0.created_at,
        i1_0.product_id,
        i1_0.reserved_quantity,
        i1_0.sold_quantity,
        i1_0.updated_at,
        i1_0.version 
    from
        inventory i1_0 
    where
        i1_0.product_id=?
2026-08-14T01:14:38.640+05:30 DEBUG 22184 --- [shopsphere-backend] [nio-8081-exec-6] org.hibernate.SQL                        : 
    select
        i1_0.id,
        i1_0.available_quantity,
        i1_0.created_at,
        i1_0.product_id,
        i1_0.reserved_quantity,
        i1_0.sold_quantity,
        i1_0.updated_at,
        i1_0.version 
    from
        inventory i1_0 
    where
        i1_0.product_id=?
Hibernate: 
    select
        i1_0.id,
        i1_0.available_quantity,
        i1_0.created_at,
        i1_0.product_id,
        i1_0.reserved_quantity,
        i1_0.sold_quantity,
        i1_0.updated_at,
        i1_0.version 
    from
        inventory i1_0 
    where
        i1_0.product_id=?
2026-08-14T01:14:38.642+05:30 DEBUG 22184 --- [shopsphere-backend] [nio-8081-exec-6] org.hibernate.SQL                        : 
    select
        i1_0.id,
        i1_0.available_quantity,
        i1_0.created_at,
        i1_0.product_id,
        i1_0.reserved_quantity,
        i1_0.sold_quantity,
        i1_0.updated_at,
        i1_0.version 
    from
        inventory i1_0 
    where
        i1_0.product_id=?
Hibernate: 
    select
        i1_0.id,
        i1_0.available_quantity,
        i1_0.created_at,
        i1_0.product_id,
        i1_0.reserved_quantity,
        i1_0.sold_quantity,
        i1_0.updated_at,
        i1_0.version 
    from
        inventory i1_0 
    where
        i1_0.product_id=?
2026-08-14T01:14:38.646+05:30 DEBUG 22184 --- [shopsphere-backend] [nio-8081-exec-6] org.hibernate.SQL                        : 
    select
        i1_0.id,
        i1_0.available_quantity,
        i1_0.created_at,
        i1_0.product_id,
        i1_0.reserved_quantity,
        i1_0.sold_quantity,
        i1_0.updated_at,
        i1_0.version 
    from
        inventory i1_0 
    where
        i1_0.product_id=?
Hibernate: 
    select
        i1_0.id,
        i1_0.available_quantity,
        i1_0.created_at,
        i1_0.product_id,
        i1_0.reserved_quantity,
        i1_0.sold_quantity,
        i1_0.updated_at,
        i1_0.version 
    from
        inventory i1_0 
    where
        i1_0.product_id=?
2026-08-14T01:14:38.648+05:30 DEBUG 22184 --- [shopsphere-backend] [nio-8081-exec-6] org.hibernate.SQL                        : 
    select
        i1_0.id,
        i1_0.available_quantity,
        i1_0.created_at,
        i1_0.product_id,
        i1_0.reserved_quantity,
        i1_0.sold_quantity,
        i1_0.updated_at,
        i1_0.version 
    from
        inventory i1_0 
    where
        i1_0.product_id=?
Hibernate: 
    select
        i1_0.id,
        i1_0.available_quantity,
        i1_0.created_at,
        i1_0.product_id,
        i1_0.reserved_quantity,
        i1_0.sold_quantity,
        i1_0.updated_at,
        i1_0.version 
    from
        inventory i1_0 
    where
        i1_0.product_id=?
2026-08-14T01:14:38.650+05:30 DEBUG 22184 --- [shopsphere-backend] [nio-8081-exec-6] org.hibernate.SQL                        : 
    select
        i1_0.id,
        i1_0.available_quantity,
        i1_0.created_at,
        i1_0.product_id,
        i1_0.reserved_quantity,
        i1_0.sold_quantity,
        i1_0.updated_at,
        i1_0.version 
    from
        inventory i1_0 
    where
        i1_0.product_id=?
Hibernate: 
    select
        i1_0.id,
        i1_0.available_quantity,
        i1_0.created_at,
        i1_0.product_id,
        i1_0.reserved_quantity,
        i1_0.sold_quantity,
        i1_0.updated_at,
        i1_0.version 
    from
        inventory i1_0 
    where
        i1_0.product_id=?
2026-08-14T01:14:38.653+05:30 DEBUG 22184 --- [shopsphere-backend] [nio-8081-exec-6] org.hibernate.SQL                        : 
    select
        i1_0.id,
        i1_0.available_quantity,
        i1_0.created_at,
        i1_0.product_id,
        i1_0.reserved_quantity,
        i1_0.sold_quantity,
        i1_0.updated_at,
        i1_0.version 
    from
        inventory i1_0 
    where
        i1_0.product_id=?
Hibernate: 
    select
        i1_0.id,
        i1_0.available_quantity,
        i1_0.created_at,
        i1_0.product_id,
        i1_0.reserved_quantity,
        i1_0.sold_quantity,
        i1_0.updated_at,
        i1_0.version 
    from
        inventory i1_0 
    where
        i1_0.product_id=?
2026-08-14T01:14:38.656+05:30 DEBUG 22184 --- [shopsphere-backend] [nio-8081-exec-6] org.hibernate.SQL                        : 
    select
        i1_0.id,
        i1_0.available_quantity,
        i1_0.created_at,
        i1_0.product_id,
        i1_0.reserved_quantity,
        i1_0.sold_quantity,
        i1_0.updated_at,
        i1_0.version 
    from
        inventory i1_0 
    where
        i1_0.product_id=?
Hibernate: 
    select
        i1_0.id,
        i1_0.available_quantity,
        i1_0.created_at,
        i1_0.product_id,
        i1_0.reserved_quantity,
        i1_0.sold_quantity,
        i1_0.updated_at,
        i1_0.version 
    from
        inventory i1_0 
    where
        i1_0.product_id=?
2026-08-14T01:14:38.656+05:30 DEBUG 22184 --- [shopsphere-backend] [nio-8081-exec-6] org.hibernate.SQL                        : 
    select
        i1_0.id,
        i1_0.available_quantity,
        i1_0.created_at,
        i1_0.product_id,
        i1_0.reserved_quantity,
        i1_0.sold_quantity,
        i1_0.updated_at,
        i1_0.version 
    from
        inventory i1_0 
    where
        i1_0.product_id=?
Hibernate: 
    select
        i1_0.id,
        i1_0.available_quantity,
        i1_0.created_at,
        i1_0.product_id,
        i1_0.reserved_quantity,
        i1_0.sold_quantity,
        i1_0.updated_at,
        i1_0.version 
    from
        inventory i1_0 
    where
        i1_0.product_id=?
2026-08-14T01:14:38.660+05:30 DEBUG 22184 --- [shopsphere-backend] [nio-8081-exec-6] org.hibernate.SQL                        : 
    select
        i1_0.id,
        i1_0.available_quantity,
        i1_0.created_at,
        i1_0.product_id,
        i1_0.reserved_quantity,
        i1_0.sold_quantity,
        i1_0.updated_at,
        i1_0.version 
    from
        inventory i1_0 
    where
        i1_0.product_id=?
Hibernate: 
    select
        i1_0.id,
        i1_0.available_quantity,
        i1_0.created_at,
        i1_0.product_id,
        i1_0.reserved_quantity,
        i1_0.sold_quantity,
        i1_0.updated_at,
        i1_0.version 
    from
        inventory i1_0 
    where
        i1_0.product_id=?
2026-08-14T01:14:38.663+05:30 DEBUG 22184 --- [shopsphere-backend] [nio-8081-exec-6] org.hibernate.SQL                        : 
    select
        i1_0.id,
        i1_0.available_quantity,
        i1_0.created_at,
        i1_0.product_id,
        i1_0.reserved_quantity,
        i1_0.sold_quantity,
        i1_0.updated_at,
        i1_0.version 
    from
        inventory i1_0 
    where
        i1_0.product_id=?
Hibernate: 
    select
        i1_0.id,
        i1_0.available_quantity,
        i1_0.created_at,
        i1_0.product_id,
        i1_0.reserved_quantity,
        i1_0.sold_quantity,
        i1_0.updated_at,
        i1_0.version 
    from
        inventory i1_0 
    where
        i1_0.product_id=?
2026-08-14T01:14:38.663+05:30 DEBUG 22184 --- [shopsphere-backend] [nio-8081-exec-6] org.hibernate.SQL                        : 
    select
        i1_0.product_id,
        i1_0.id,
        i1_0.created_at,
        i1_0.display_order,
        i1_0.image_url,
        i1_0.is_primary,
        i1_0.updated_at 
    from
        product_images i1_0 
    where
        i1_0.product_id=?
Hibernate: 
    select
        i1_0.product_id,
        i1_0.id,
        i1_0.created_at,
        i1_0.display_order,
        i1_0.image_url,
        i1_0.is_primary,
        i1_0.updated_at 
    from
        product_images i1_0 
    where
        i1_0.product_id=?
2026-08-14T01:14:38.670+05:30 DEBUG 22184 --- [shopsphere-backend] [nio-8081-exec-6] org.hibernate.SQL                        : 
    select
        c1_0.id,
        c1_0.active,
        c1_0.created_at,
        c1_0.description,
        c1_0.name,
        c1_0.parent_id,
        c1_0.slug,
        c1_0.updated_at 
    from
        categories c1_0 
    where
        c1_0.id=?
Hibernate: 
    select
        c1_0.id,
        c1_0.active,
        c1_0.created_at,
        c1_0.description,
        c1_0.name,
        c1_0.parent_id,
        c1_0.slug,
        c1_0.updated_at 
    from
        categories c1_0 
    where
        c1_0.id=?
2026-08-14T01:14:38.670+05:30 DEBUG 22184 --- [shopsphere-backend] [nio-8081-exec-6] org.hibernate.SQL                        : 
    select
        sp1_0.id,
        sp1_0.business_email,
        sp1_0.business_phone,
        sp1_0.created_at,
        sp1_0.description,
        sp1_0.status,
        sp1_0.store_name,
        sp1_0.tax_id,
        sp1_0.updated_at,
        sp1_0.user_id 
    from
        seller_profiles sp1_0 
    where
        sp1_0.id=?
Hibernate: 
    select
        sp1_0.id,
        sp1_0.business_email,
        sp1_0.business_phone,
        sp1_0.created_at,
        sp1_0.description,
        sp1_0.status,
        sp1_0.store_name,
        sp1_0.tax_id,
        sp1_0.updated_at,
        sp1_0.user_id 
    from
        seller_profiles sp1_0 
    where
        sp1_0.id=?
2026-08-14T01:14:38.674+05:30 DEBUG 22184 --- [shopsphere-backend] [nio-8081-exec-6] org.hibernate.SQL                        : 
    select
        i1_0.product_id,
        i1_0.id,
        i1_0.created_at,
        i1_0.display_order,
        i1_0.image_url,
        i1_0.is_primary,
        i1_0.updated_at 
    from
        product_images i1_0 
    where
        i1_0.product_id=?
Hibernate: 
    select
        i1_0.product_id,
        i1_0.id,
        i1_0.created_at,
        i1_0.display_order,
        i1_0.image_url,
        i1_0.is_primary,
        i1_0.updated_at 
    from
        product_images i1_0 
    where
        i1_0.product_id=?
2026-08-14T01:14:38.674+05:30 DEBUG 22184 --- [shopsphere-backend] [nio-8081-exec-6] org.hibernate.SQL                        : 
    select
        c1_0.id,
        c1_0.active,
        c1_0.created_at,
        c1_0.description,
        c1_0.name,
        c1_0.parent_id,
        c1_0.slug,
        c1_0.updated_at 
    from
        categories c1_0 
    where
        c1_0.id=?
Hibernate: 
    select
        c1_0.id,
        c1_0.active,
        c1_0.created_at,
        c1_0.description,
        c1_0.name,
        c1_0.parent_id,
        c1_0.slug,
        c1_0.updated_at 
    from
        categories c1_0 
    where
        c1_0.id=?
2026-08-14T01:14:38.679+05:30 DEBUG 22184 --- [shopsphere-backend] [nio-8081-exec-6] org.hibernate.SQL                        : 
    select
        i1_0.product_id,
        i1_0.id,
        i1_0.created_at,
        i1_0.display_order,
        i1_0.image_url,
        i1_0.is_primary,
        i1_0.updated_at 
    from
        product_images i1_0 
    where
        i1_0.product_id=?
Hibernate: 
    select
        i1_0.product_id,
        i1_0.id,
        i1_0.created_at,
        i1_0.display_order,
        i1_0.image_url,
        i1_0.is_primary,
        i1_0.updated_at 
    from
        product_images i1_0 
    where
        i1_0.product_id=?
2026-08-14T01:14:38.684+05:30 DEBUG 22184 --- [shopsphere-backend] [nio-8081-exec-6] org.hibernate.SQL                        : 
    select
        c1_0.id,
        c1_0.active,
        c1_0.created_at,
        c1_0.description,
        c1_0.name,
        c1_0.parent_id,
        c1_0.slug,
        c1_0.updated_at 
    from
        categories c1_0 
    where
        c1_0.id=?
Hibernate: 
    select
        c1_0.id,
        c1_0.active,
        c1_0.created_at,
        c1_0.description,
        c1_0.name,
        c1_0.parent_id,
        c1_0.slug,
        c1_0.updated_at 
    from
        categories c1_0 
    where
        c1_0.id=?
2026-08-14T01:14:38.684+05:30 DEBUG 22184 --- [shopsphere-backend] [nio-8081-exec-6] org.hibernate.SQL                        : 
    select
        i1_0.product_id,
        i1_0.id,
        i1_0.created_at,
        i1_0.display_order,
        i1_0.image_url,
        i1_0.is_primary,
        i1_0.updated_at 
    from
        product_images i1_0 
    where
        i1_0.product_id=?
Hibernate: 
    select
        i1_0.product_id,
        i1_0.id,
        i1_0.created_at,
        i1_0.display_order,
        i1_0.image_url,
        i1_0.is_primary,
        i1_0.updated_at 
    from
        product_images i1_0 
    where
        i1_0.product_id=?
2026-08-14T01:14:38.684+05:30 DEBUG 22184 --- [shopsphere-backend] [nio-8081-exec-6] org.hibernate.SQL                        : 
    select
        c1_0.id,
        c1_0.active,
        c1_0.created_at,
        c1_0.description,
        c1_0.name,
        c1_0.parent_id,
        c1_0.slug,
        c1_0.updated_at 
    from
        categories c1_0 
    where
        c1_0.id=?
Hibernate: 
    select
        c1_0.id,
        c1_0.active,
        c1_0.created_at,
        c1_0.description,
        c1_0.name,
        c1_0.parent_id,
        c1_0.slug,
        c1_0.updated_at 
    from
        categories c1_0 
    where
        c1_0.id=?
2026-08-14T01:14:38.684+05:30 DEBUG 22184 --- [shopsphere-backend] [nio-8081-exec-6] org.hibernate.SQL                        : 
    select
        i1_0.product_id,
        i1_0.id,
        i1_0.created_at,
        i1_0.display_order,
        i1_0.image_url,
        i1_0.is_primary,
        i1_0.updated_at 
    from
        product_images i1_0 
    where
        i1_0.product_id=?
Hibernate: 
    select
        i1_0.product_id,
        i1_0.id,
        i1_0.created_at,
        i1_0.display_order,
        i1_0.image_url,
        i1_0.is_primary,
        i1_0.updated_at 
    from
        product_images i1_0 
    where
        i1_0.product_id=?
2026-08-14T01:14:38.684+05:30 DEBUG 22184 --- [shopsphere-backend] [nio-8081-exec-6] org.hibernate.SQL                        : 
    select
        c1_0.id,
        c1_0.active,
        c1_0.created_at,
        c1_0.description,
        c1_0.name,
        c1_0.parent_id,
        c1_0.slug,
        c1_0.updated_at 
    from
        categories c1_0 
    where
        c1_0.id=?
Hibernate: 
    select
        c1_0.id,
        c1_0.active,
        c1_0.created_at,
        c1_0.description,
        c1_0.name,
        c1_0.parent_id,
        c1_0.slug,
        c1_0.updated_at 
    from
        categories c1_0 
    where
        c1_0.id=?
2026-08-14T01:14:38.695+05:30 DEBUG 22184 --- [shopsphere-backend] [nio-8081-exec-6] org.hibernate.SQL                        : 
    select
        i1_0.product_id,
        i1_0.id,
        i1_0.created_at,
        i1_0.display_order,
        i1_0.image_url,
        i1_0.is_primary,
        i1_0.updated_at 
    from
        product_images i1_0 
    where
        i1_0.product_id=?
Hibernate: 
    select
        i1_0.product_id,
        i1_0.id,
        i1_0.created_at,
        i1_0.display_order,
        i1_0.image_url,
        i1_0.is_primary,
        i1_0.updated_at 
    from
        product_images i1_0 
    where
        i1_0.product_id=?
2026-08-14T01:14:38.700+05:30 DEBUG 22184 --- [shopsphere-backend] [nio-8081-exec-6] org.hibernate.SQL                        : 
    select
        i1_0.product_id,
        i1_0.id,
        i1_0.created_at,
        i1_0.display_order,
        i1_0.image_url,
        i1_0.is_primary,
        i1_0.updated_at 
    from
        product_images i1_0 
    where
        i1_0.product_id=?
Hibernate: 
    select
        i1_0.product_id,
        i1_0.id,
        i1_0.created_at,
        i1_0.display_order,
        i1_0.image_url,
        i1_0.is_primary,
        i1_0.updated_at 
    from
        product_images i1_0 
    where
        i1_0.product_id=?
2026-08-14T01:14:38.700+05:30 DEBUG 22184 --- [shopsphere-backend] [nio-8081-exec-6] org.hibernate.SQL                        : 
    select
        c1_0.id,
        c1_0.active,
        c1_0.created_at,
        c1_0.description,
        c1_0.name,
        c1_0.parent_id,
        c1_0.slug,
        c1_0.updated_at 
    from
        categories c1_0 
    where
        c1_0.id=?
Hibernate: 
    select
        c1_0.id,
        c1_0.active,
        c1_0.created_at,
        c1_0.description,
        c1_0.name,
        c1_0.parent_id,
        c1_0.slug,
        c1_0.updated_at 
    from
        categories c1_0 
    where
        c1_0.id=?
2026-08-14T01:14:38.705+05:30 DEBUG 22184 --- [shopsphere-backend] [nio-8081-exec-6] org.hibernate.SQL                        : 
    select
        i1_0.product_id,
        i1_0.id,
        i1_0.created_at,
        i1_0.display_order,
        i1_0.image_url,
        i1_0.is_primary,
        i1_0.updated_at 
    from
        product_images i1_0 
    where
        i1_0.product_id=?
Hibernate: 
    select
        i1_0.product_id,
        i1_0.id,
        i1_0.created_at,
        i1_0.display_order,
        i1_0.image_url,
        i1_0.is_primary,
        i1_0.updated_at 
    from
        product_images i1_0 
    where
        i1_0.product_id=?
2026-08-14T01:14:38.705+05:30 DEBUG 22184 --- [shopsphere-backend] [nio-8081-exec-6] org.hibernate.SQL                        : 
    select
        i1_0.product_id,
        i1_0.id,
        i1_0.created_at,
        i1_0.display_order,
        i1_0.image_url,
        i1_0.is_primary,
        i1_0.updated_at 
    from
        product_images i1_0 
    where
        i1_0.product_id=?
Hibernate: 
    select
        i1_0.product_id,
        i1_0.id,
        i1_0.created_at,
        i1_0.display_order,
        i1_0.image_url,
        i1_0.is_primary,
        i1_0.updated_at 
    from
        product_images i1_0 
    where
        i1_0.product_id=?
2026-08-14T01:14:38.705+05:30 DEBUG 22184 --- [shopsphere-backend] [nio-8081-exec-6] org.hibernate.SQL                        : 
    select
        i1_0.product_id,
        i1_0.id,
        i1_0.created_at,
        i1_0.display_order,
        i1_0.image_url,
        i1_0.is_primary,
        i1_0.updated_at 
    from
        product_images i1_0 
    where
        i1_0.product_id=?
Hibernate: 
    select
        i1_0.product_id,
        i1_0.id,
        i1_0.created_at,
        i1_0.display_order,
        i1_0.image_url,
        i1_0.is_primary,
        i1_0.updated_at 
    from
        product_images i1_0 
    where
        i1_0.product_id=?
2026-08-14T01:14:38.705+05:30 DEBUG 22184 --- [shopsphere-backend] [nio-8081-exec-6] org.hibernate.SQL                        : 
    select
        i1_0.product_id,
        i1_0.id,
        i1_0.created_at,
        i1_0.display_order,
        i1_0.image_url,
        i1_0.is_primary,
        i1_0.updated_at 
    from
        product_images i1_0 
    where
        i1_0.product_id=?
Hibernate: 
    select
        i1_0.product_id,
        i1_0.id,
        i1_0.created_at,
        i1_0.display_order,
        i1_0.image_url,
        i1_0.is_primary,
        i1_0.updated_at 
    from
        product_images i1_0 
    where
        i1_0.product_id=?
2026-08-14T01:14:38.716+05:30 DEBUG 22184 --- [shopsphere-backend] [nio-8081-exec-6] org.hibernate.SQL                        : 
    select
        i1_0.product_id,
        i1_0.id,
        i1_0.created_at,
        i1_0.display_order,
        i1_0.image_url,
        i1_0.is_primary,
        i1_0.updated_at 
    from
        product_images i1_0 
    where
        i1_0.product_id=?
Hibernate: 
    select
        i1_0.product_id,
        i1_0.id,
        i1_0.created_at,
        i1_0.display_order,
        i1_0.image_url,
        i1_0.is_primary,
        i1_0.updated_at 
    from
        product_images i1_0 
    where
        i1_0.product_id=?
2026-08-14T01:14:38.716+05:30 DEBUG 22184 --- [shopsphere-backend] [nio-8081-exec-6] org.hibernate.SQL                        : 
    select
        c1_0.id,
        c1_0.active,
        c1_0.created_at,
        c1_0.description,
        c1_0.name,
        c1_0.parent_id,
        c1_0.slug,
        c1_0.updated_at 
    from
        categories c1_0 
    where
        c1_0.id=?
Hibernate: 
    select
        c1_0.id,
        c1_0.active,
        c1_0.created_at,
        c1_0.description,
        c1_0.name,
        c1_0.parent_id,
        c1_0.slug,
        c1_0.updated_at 
    from
        categories c1_0 
    where
        c1_0.id=?
2026-08-14T01:14:38.721+05:30 DEBUG 22184 --- [shopsphere-backend] [nio-8081-exec-6] org.hibernate.SQL                        : 
    select
        i1_0.product_id,
        i1_0.id,
        i1_0.created_at,
        i1_0.display_order,
        i1_0.image_url,
        i1_0.is_primary,
        i1_0.updated_at 
    from
        product_images i1_0 
    where
        i1_0.product_id=?
Hibernate: 
    select
        i1_0.product_id,
        i1_0.id,
        i1_0.created_at,
        i1_0.display_order,
        i1_0.image_url,
        i1_0.is_primary,
        i1_0.updated_at 
    from
        product_images i1_0 
    where
        i1_0.product_id=?
2026-08-14T01:14:38.726+05:30 DEBUG 22184 --- [shopsphere-backend] [nio-8081-exec-6] org.hibernate.SQL                        : 
    select
        i1_0.product_id,
        i1_0.id,
        i1_0.created_at,
        i1_0.display_order,
        i1_0.image_url,
        i1_0.is_primary,
        i1_0.updated_at 
    from
        product_images i1_0 
    where
        i1_0.product_id=?
Hibernate: 
    select
        i1_0.product_id,
        i1_0.id,
        i1_0.created_at,
        i1_0.display_order,
        i1_0.image_url,
        i1_0.is_primary,
        i1_0.updated_at 
    from
        product_images i1_0 
    where
        i1_0.product_id=?
2026-08-14T01:14:38.728+05:30 DEBUG 22184 --- [shopsphere-backend] [nio-8081-exec-6] org.hibernate.SQL                        : 
    select
        i1_0.product_id,
        i1_0.id,
        i1_0.created_at,
        i1_0.display_order,
        i1_0.image_url,
        i1_0.is_primary,
        i1_0.updated_at 
    from
        product_images i1_0 
    where
        i1_0.product_id=?
Hibernate: 
    select
        i1_0.product_id,
        i1_0.id,
        i1_0.created_at,
        i1_0.display_order,
        i1_0.image_url,
        i1_0.is_primary,
        i1_0.updated_at 
    from
        product_images i1_0 
    where
        i1_0.product_id=?
2026-08-14T01:14:38.728+05:30 DEBUG 22184 --- [shopsphere-backend] [nio-8081-exec-6] org.hibernate.SQL                        : 
    select
        i1_0.product_id,
        i1_0.id,
        i1_0.created_at,
        i1_0.display_order,
        i1_0.image_url,
        i1_0.is_primary,
        i1_0.updated_at 
    from
        product_images i1_0 
    where
        i1_0.product_id=?
Hibernate: 
    select
        i1_0.product_id,
        i1_0.id,
        i1_0.created_at,
        i1_0.display_order,
        i1_0.image_url,
        i1_0.is_primary,
        i1_0.updated_at 
    from
        product_images i1_0 
    where
        i1_0.product_id=?
2026-08-14T01:14:38.732+05:30 DEBUG 22184 --- [shopsphere-backend] [nio-8081-exec-6] org.hibernate.SQL                        : 
    select
        i1_0.product_id,
        i1_0.id,
        i1_0.created_at,
        i1_0.display_order,
        i1_0.image_url,
        i1_0.is_primary,
        i1_0.updated_at 
    from
        product_images i1_0 
    where
        i1_0.product_id=?
Hibernate: 
    select
        i1_0.product_id,
        i1_0.id,
        i1_0.created_at,
        i1_0.display_order,
        i1_0.image_url,
        i1_0.is_primary,
        i1_0.updated_at 
    from
        product_images i1_0 
    where
        i1_0.product_id=?
2026-08-14T01:14:38.735+05:30 DEBUG 22184 --- [shopsphere-backend] [nio-8081-exec-6] org.hibernate.SQL                        : 
    select
        i1_0.product_id,
        i1_0.id,
        i1_0.created_at,
        i1_0.display_order,
        i1_0.image_url,
        i1_0.is_primary,
        i1_0.updated_at 
    from
        product_images i1_0 
    where
        i1_0.product_id=?
Hibernate: 
    select
        i1_0.product_id,
        i1_0.id,
        i1_0.created_at,
        i1_0.display_order,
        i1_0.image_url,
        i1_0.is_primary,
        i1_0.updated_at 
    from
        product_images i1_0 
    where
        i1_0.product_id=?
2026-08-14T01:14:38.736+05:30 DEBUG 22184 --- [shopsphere-backend] [nio-8081-exec-6] org.hibernate.SQL                        : 
    select
        c1_0.id,
        c1_0.active,
        c1_0.created_at,
        c1_0.description,
        c1_0.name,
        c1_0.parent_id,
        c1_0.slug,
        c1_0.updated_at 
    from
        categories c1_0 
    where
        c1_0.id=?
Hibernate: 
    select
        c1_0.id,
        c1_0.active,
        c1_0.created_at,
        c1_0.description,
        c1_0.name,
        c1_0.parent_id,
        c1_0.slug,
        c1_0.updated_at 
    from
        categories c1_0 
    where
        c1_0.id=?
2026-08-14T01:14:38.736+05:30 DEBUG 22184 --- [shopsphere-backend] [nio-8081-exec-6] org.hibernate.SQL                        : 
    select
        i1_0.product_id,
        i1_0.id,
        i1_0.created_at,
        i1_0.display_order,
        i1_0.image_url,
        i1_0.is_primary,
        i1_0.updated_at 
    from
        product_images i1_0 
    where
        i1_0.product_id=?
Hibernate: 
    select
        i1_0.product_id,
        i1_0.id,
        i1_0.created_at,
        i1_0.display_order,
        i1_0.image_url,
        i1_0.is_primary,
        i1_0.updated_at 
    from
        product_images i1_0 
    where
        i1_0.product_id=?
2026-08-14T01:14:38.736+05:30 DEBUG 22184 --- [shopsphere-backend] [nio-8081-exec-6] org.hibernate.SQL                        : 
    select
        i1_0.product_id,
        i1_0.id,
        i1_0.created_at,
        i1_0.display_order,
        i1_0.image_url,
        i1_0.is_primary,
        i1_0.updated_at 
    from
        product_images i1_0 
    where
        i1_0.product_id=?
Hibernate: 
    select
        i1_0.product_id,
        i1_0.id,
        i1_0.created_at,
        i1_0.display_order,
        i1_0.image_url,
        i1_0.is_primary,
        i1_0.updated_at 
    from
        product_images i1_0 
    where
        i1_0.product_id=?
2026-08-14T01:14:38.736+05:30 DEBUG 22184 --- [shopsphere-backend] [nio-8081-exec-6] org.hibernate.SQL                        : 
    select
        c1_0.id,
        c1_0.active,
        c1_0.created_at,
        c1_0.description,
        c1_0.name,
        c1_0.parent_id,
        c1_0.slug,
        c1_0.updated_at 
    from
        categories c1_0 
    where
        c1_0.id=?
Hibernate: 
    select
        c1_0.id,
        c1_0.active,
        c1_0.created_at,
        c1_0.description,
        c1_0.name,
        c1_0.parent_id,
        c1_0.slug,
        c1_0.updated_at 
    from
        categories c1_0 
    where
        c1_0.id=?
2026-08-14T01:14:38.745+05:30 DEBUG 22184 --- [shopsphere-backend] [nio-8081-exec-6] org.hibernate.SQL                        : 
    select
        i1_0.product_id,
        i1_0.id,
        i1_0.created_at,
        i1_0.display_order,
        i1_0.image_url,
        i1_0.is_primary,
        i1_0.updated_at 
    from
        product_images i1_0 
    where
        i1_0.product_id=?
Hibernate: 
    select
        i1_0.product_id,
        i1_0.id,
        i1_0.created_at,
        i1_0.display_order,
        i1_0.image_url,
        i1_0.is_primary,
        i1_0.updated_at 
    from
        product_images i1_0 
    where
        i1_0.product_id=?
2026-08-14T01:14:38.747+05:30 DEBUG 22184 --- [shopsphere-backend] [nio-8081-exec-6] org.hibernate.SQL                        : 
    select
        i1_0.product_id,
        i1_0.id,
        i1_0.created_at,
        i1_0.display_order,
        i1_0.image_url,
        i1_0.is_primary,
        i1_0.updated_at 
    from
        product_images i1_0 
    where
        i1_0.product_id=?
Hibernate: 
    select
        i1_0.product_id,
        i1_0.id,
        i1_0.created_at,
        i1_0.display_order,
        i1_0.image_url,
        i1_0.is_primary,
        i1_0.updated_at 
    from
        product_images i1_0 
    where
        i1_0.product_id=?
2026-08-14T01:14:38.747+05:30 DEBUG 22184 --- [shopsphere-backend] [nio-8081-exec-6] org.hibernate.SQL                        : 
    select
        c1_0.id,
        c1_0.active,
        c1_0.created_at,
        c1_0.description,
        c1_0.name,
        c1_0.parent_id,
        c1_0.slug,
        c1_0.updated_at 
    from
        categories c1_0 
    where
        c1_0.id=?
Hibernate: 
    select
        c1_0.id,
        c1_0.active,
        c1_0.created_at,
        c1_0.description,
        c1_0.name,
        c1_0.parent_id,
        c1_0.slug,
        c1_0.updated_at 
    from
        categories c1_0 
    where
        c1_0.id=?
2026-08-14T01:14:38.755+05:30 DEBUG 22184 --- [shopsphere-backend] [nio-8081-exec-6] org.hibernate.SQL                        : 
    select
        i1_0.product_id,
        i1_0.id,
        i1_0.created_at,
        i1_0.display_order,
        i1_0.image_url,
        i1_0.is_primary,
        i1_0.updated_at 
    from
        product_images i1_0 
    where
        i1_0.product_id=?
Hibernate: 
    select
        i1_0.product_id,
        i1_0.id,
        i1_0.created_at,
        i1_0.display_order,
        i1_0.image_url,
        i1_0.is_primary,
        i1_0.updated_at 
    from
        product_images i1_0 
    where
        i1_0.product_id=?
2026-08-14T01:14:38.756+05:30 DEBUG 22184 --- [shopsphere-backend] [nio-8081-exec-6] org.hibernate.SQL                        : 
    select
        i1_0.product_id,
        i1_0.id,
        i1_0.created_at,
        i1_0.display_order,
        i1_0.image_url,
        i1_0.is_primary,
        i1_0.updated_at 
    from
        product_images i1_0 
    where
        i1_0.product_id=?
Hibernate: 
    select
        i1_0.product_id,
        i1_0.id,
        i1_0.created_at,
        i1_0.display_order,
        i1_0.image_url,
        i1_0.is_primary,
        i1_0.updated_at 
    from
        product_images i1_0 
    where
        i1_0.product_id=?
2026-08-14T01:14:38.758+05:30 DEBUG 22184 --- [shopsphere-backend] [nio-8081-exec-6] org.hibernate.SQL                        : 
    select
        c1_0.id,
        c1_0.active,
        c1_0.created_at,
        c1_0.description,
        c1_0.name,
        c1_0.parent_id,
        c1_0.slug,
        c1_0.updated_at 
    from
        categories c1_0 
    where
        c1_0.id=?
Hibernate: 
    select
        c1_0.id,
        c1_0.active,
        c1_0.created_at,
        c1_0.description,
        c1_0.name,
        c1_0.parent_id,
        c1_0.slug,
        c1_0.updated_at 
    from
        categories c1_0 
    where
        c1_0.id=?
2026-08-14T01:14:38.764+05:30 DEBUG 22184 --- [shopsphere-backend] [nio-8081-exec-6] m.m.a.RequestResponseBodyMethodProcessor : Using 'application/json', given [application/json, text/plain, */*] and supported [application/json, application/*+json]
2026-08-14T01:14:38.765+05:30 DEBUG 22184 --- [shopsphere-backend] [nio-8081-exec-6] m.m.a.RequestResponseBodyMethodProcessor : Writing [[ProductResponse(id=1, title=AeroRun Pro Sneakers, sku=SS-SHOE-001, description=Responsive running s (truncated)...]
2026-08-14T01:14:38.768+05:30 DEBUG 22184 --- [shopsphere-backend] [nio-8081-exec-6] o.s.web.servlet.DispatcherServlet        : Completed 200 OK
2026-08-14T01:15:32.051+05:30 DEBUG 22184 --- [shopsphere-backend] [nio-8081-exec-3] o.s.web.servlet.DispatcherServlet        : GET "/api/v1/products", parameters={}
2026-08-14T01:15:32.053+05:30 DEBUG 22184 --- [shopsphere-backend] [nio-8081-exec-3] s.w.s.m.m.a.RequestMappingHandlerMapping : Mapped to com.shopsphere.controller.ProductController#listProducts()
2026-08-14T01:15:32.056+05:30 DEBUG 22184 --- [shopsphere-backend] [nio-8081-exec-3] org.hibernate.SQL                        : 
    select
        p1_0.id,
        p1_0.active,
        p1_0.average_rating,
        p1_0.brand,
        p1_0.category_id,
        p1_0.color,
        p1_0.created_at,
        p1_0.description,
        p1_0.discount_price,
        p1_0.price,
        p1_0.review_count,
        p1_0.seller_profile_id,
        p1_0.size,
        p1_0.sku,
        p1_0.title,
        p1_0.updated_at 
    from
        products p1_0 
    order by
        p1_0.id
Hibernate: 
    select
        p1_0.id,
        p1_0.active,
        p1_0.average_rating,
        p1_0.brand,
        p1_0.category_id,
        p1_0.color,
        p1_0.created_at,
        p1_0.description,
        p1_0.discount_price,
        p1_0.price,
        p1_0.review_count,
        p1_0.seller_profile_id,
        p1_0.size,
        p1_0.sku,
        p1_0.title,
        p1_0.updated_at 
    from
        products p1_0 
    order by
        p1_0.id
2026-08-14T01:15:32.061+05:30 DEBUG 22184 --- [shopsphere-backend] [nio-8081-exec-3] org.hibernate.SQL                        : 
    select
        i1_0.id,
        i1_0.available_quantity,
        i1_0.created_at,
        i1_0.product_id,
        i1_0.reserved_quantity,
        i1_0.sold_quantity,
        i1_0.updated_at,
        i1_0.version 
    from
        inventory i1_0 
    where
        i1_0.product_id=?
Hibernate: 
    select
        i1_0.id,
        i1_0.available_quantity,
        i1_0.created_at,
        i1_0.product_id,
        i1_0.reserved_quantity,
        i1_0.sold_quantity,
        i1_0.updated_at,
        i1_0.version 
    from
        inventory i1_0 
    where
        i1_0.product_id=?
2026-08-14T01:15:32.063+05:30 DEBUG 22184 --- [shopsphere-backend] [nio-8081-exec-3] org.hibernate.SQL                        : 
    select
        i1_0.id,
        i1_0.available_quantity,
        i1_0.created_at,
        i1_0.product_id,
        i1_0.reserved_quantity,
        i1_0.sold_quantity,
        i1_0.updated_at,
        i1_0.version 
    from
        inventory i1_0 
    where
        i1_0.product_id=?
Hibernate: 
    select
        i1_0.id,
        i1_0.available_quantity,
        i1_0.created_at,
        i1_0.product_id,
        i1_0.reserved_quantity,
        i1_0.sold_quantity,
        i1_0.updated_at,
        i1_0.version 
    from
        inventory i1_0 
    where
        i1_0.product_id=?
2026-08-14T01:15:32.066+05:30 DEBUG 22184 --- [shopsphere-backend] [nio-8081-exec-3] org.hibernate.SQL                        : 
    select
        i1_0.id,
        i1_0.available_quantity,
        i1_0.created_at,
        i1_0.product_id,
        i1_0.reserved_quantity,
        i1_0.sold_quantity,
        i1_0.updated_at,
        i1_0.version 
    from
        inventory i1_0 
    where
        i1_0.product_id=?
Hibernate: 
    select
        i1_0.id,
        i1_0.available_quantity,
        i1_0.created_at,
        i1_0.product_id,
        i1_0.reserved_quantity,
        i1_0.sold_quantity,
        i1_0.updated_at,
        i1_0.version 
    from
        inventory i1_0 
    where
        i1_0.product_id=?
2026-08-14T01:15:32.068+05:30 DEBUG 22184 --- [shopsphere-backend] [nio-8081-exec-3] org.hibernate.SQL                        : 
    select
        i1_0.id,
        i1_0.available_quantity,
        i1_0.created_at,
        i1_0.product_id,
        i1_0.reserved_quantity,
        i1_0.sold_quantity,
        i1_0.updated_at,
        i1_0.version 
    from
        inventory i1_0 
    where
        i1_0.product_id=?
Hibernate: 
    select
        i1_0.id,
        i1_0.available_quantity,
        i1_0.created_at,
        i1_0.product_id,
        i1_0.reserved_quantity,
        i1_0.sold_quantity,
        i1_0.updated_at,
        i1_0.version 
    from
        inventory i1_0 
    where
        i1_0.product_id=?
2026-08-14T01:15:32.070+05:30 DEBUG 22184 --- [shopsphere-backend] [nio-8081-exec-3] org.hibernate.SQL                        : 
    select
        i1_0.id,
        i1_0.available_quantity,
        i1_0.created_at,
        i1_0.product_id,
        i1_0.reserved_quantity,
        i1_0.sold_quantity,
        i1_0.updated_at,
        i1_0.version 
    from
        inventory i1_0 
    where
        i1_0.product_id=?
Hibernate: 
    select
        i1_0.id,
        i1_0.available_quantity,
        i1_0.created_at,
        i1_0.product_id,
        i1_0.reserved_quantity,
        i1_0.sold_quantity,
        i1_0.updated_at,
        i1_0.version 
    from
        inventory i1_0 
    where
        i1_0.product_id=?
2026-08-14T01:15:32.070+05:30 DEBUG 22184 --- [shopsphere-backend] [nio-8081-exec-3] org.hibernate.SQL                        : 
    select
        i1_0.id,
        i1_0.available_quantity,
        i1_0.created_at,
        i1_0.product_id,
        i1_0.reserved_quantity,
        i1_0.sold_quantity,
        i1_0.updated_at,
        i1_0.version 
    from
        inventory i1_0 
    where
        i1_0.product_id=?
Hibernate: 
    select
        i1_0.id,
        i1_0.available_quantity,
        i1_0.created_at,
        i1_0.product_id,
        i1_0.reserved_quantity,
        i1_0.sold_quantity,
        i1_0.updated_at,
        i1_0.version 
    from
        inventory i1_0 
    where
        i1_0.product_id=?
2026-08-14T01:15:32.070+05:30 DEBUG 22184 --- [shopsphere-backend] [nio-8081-exec-3] org.hibernate.SQL                        : 
    select
        i1_0.id,
        i1_0.available_quantity,
        i1_0.created_at,
        i1_0.product_id,
        i1_0.reserved_quantity,
        i1_0.sold_quantity,
        i1_0.updated_at,
        i1_0.version 
    from
        inventory i1_0 
    where
        i1_0.product_id=?
Hibernate: 
    select
        i1_0.id,
        i1_0.available_quantity,
        i1_0.created_at,
        i1_0.product_id,
        i1_0.reserved_quantity,
        i1_0.sold_quantity,
        i1_0.updated_at,
        i1_0.version 
    from
        inventory i1_0 
    where
        i1_0.product_id=?
2026-08-14T01:15:32.076+05:30 DEBUG 22184 --- [shopsphere-backend] [nio-8081-exec-3] org.hibernate.SQL                        : 
    select
        i1_0.id,
        i1_0.available_quantity,
        i1_0.created_at,
        i1_0.product_id,
        i1_0.reserved_quantity,
        i1_0.sold_quantity,
        i1_0.updated_at,
        i1_0.version 
    from
        inventory i1_0 
    where
        i1_0.product_id=?
Hibernate: 
    select
        i1_0.id,
        i1_0.available_quantity,
        i1_0.created_at,
        i1_0.product_id,
        i1_0.reserved_quantity,
        i1_0.sold_quantity,
        i1_0.updated_at,
        i1_0.version 
    from
        inventory i1_0 
    where
        i1_0.product_id=?
2026-08-14T01:15:32.080+05:30 DEBUG 22184 --- [shopsphere-backend] [nio-8081-exec-3] org.hibernate.SQL                        : 
    select
        i1_0.id,
        i1_0.available_quantity,
        i1_0.created_at,
        i1_0.product_id,
        i1_0.reserved_quantity,
        i1_0.sold_quantity,
        i1_0.updated_at,
        i1_0.version 
    from
        inventory i1_0 
    where
        i1_0.product_id=?
Hibernate: 
    select
        i1_0.id,
        i1_0.available_quantity,
        i1_0.created_at,
        i1_0.product_id,
        i1_0.reserved_quantity,
        i1_0.sold_quantity,
        i1_0.updated_at,
        i1_0.version 
    from
        inventory i1_0 
    where
        i1_0.product_id=?
2026-08-14T01:15:32.080+05:30 DEBUG 22184 --- [shopsphere-backend] [nio-8081-exec-3] org.hibernate.SQL                        : 
    select
        i1_0.id,
        i1_0.available_quantity,
        i1_0.created_at,
        i1_0.product_id,
        i1_0.reserved_quantity,
        i1_0.sold_quantity,
        i1_0.updated_at,
        i1_0.version 
    from
        inventory i1_0 
    where
        i1_0.product_id=?
Hibernate: 
    select
        i1_0.id,
        i1_0.available_quantity,
        i1_0.created_at,
        i1_0.product_id,
        i1_0.reserved_quantity,
        i1_0.sold_quantity,
        i1_0.updated_at,
        i1_0.version 
    from
        inventory i1_0 
    where
        i1_0.product_id=?
2026-08-14T01:15:32.084+05:30 DEBUG 22184 --- [shopsphere-backend] [nio-8081-exec-3] org.hibernate.SQL                        : 
    select
        i1_0.id,
        i1_0.available_quantity,
        i1_0.created_at,
        i1_0.product_id,
        i1_0.reserved_quantity,
        i1_0.sold_quantity,
        i1_0.updated_at,
        i1_0.version 
    from
        inventory i1_0 
    where
        i1_0.product_id=?
Hibernate: 
    select
        i1_0.id,
        i1_0.available_quantity,
        i1_0.created_at,
        i1_0.product_id,
        i1_0.reserved_quantity,
        i1_0.sold_quantity,
        i1_0.updated_at,
        i1_0.version 
    from
        inventory i1_0 
    where
        i1_0.product_id=?
2026-08-14T01:15:32.087+05:30 DEBUG 22184 --- [shopsphere-backend] [nio-8081-exec-3] org.hibernate.SQL                        : 
    select
        i1_0.id,
        i1_0.available_quantity,
        i1_0.created_at,
        i1_0.product_id,
        i1_0.reserved_quantity,
        i1_0.sold_quantity,
        i1_0.updated_at,
        i1_0.version 
    from
        inventory i1_0 
    where
        i1_0.product_id=?
Hibernate: 
    select
        i1_0.id,
        i1_0.available_quantity,
        i1_0.created_at,
        i1_0.product_id,
        i1_0.reserved_quantity,
        i1_0.sold_quantity,
        i1_0.updated_at,
        i1_0.version 
    from
        inventory i1_0 
    where
        i1_0.product_id=?
2026-08-14T01:15:32.087+05:30 DEBUG 22184 --- [shopsphere-backend] [nio-8081-exec-3] org.hibernate.SQL                        : 
    select
        i1_0.id,
        i1_0.available_quantity,
        i1_0.created_at,
        i1_0.product_id,
        i1_0.reserved_quantity,
        i1_0.sold_quantity,
        i1_0.updated_at,
        i1_0.version 
    from
        inventory i1_0 
    where
        i1_0.product_id=?
Hibernate: 
    select
        i1_0.id,
        i1_0.available_quantity,
        i1_0.created_at,
        i1_0.product_id,
        i1_0.reserved_quantity,
        i1_0.sold_quantity,
        i1_0.updated_at,
        i1_0.version 
    from
        inventory i1_0 
    where
        i1_0.product_id=?
2026-08-14T01:15:32.087+05:30 DEBUG 22184 --- [shopsphere-backend] [nio-8081-exec-3] org.hibernate.SQL                        : 
    select
        i1_0.id,
        i1_0.available_quantity,
        i1_0.created_at,
        i1_0.product_id,
        i1_0.reserved_quantity,
        i1_0.sold_quantity,
        i1_0.updated_at,
        i1_0.version 
    from
        inventory i1_0 
    where
        i1_0.product_id=?
Hibernate: 
    select
        i1_0.id,
        i1_0.available_quantity,
        i1_0.created_at,
        i1_0.product_id,
        i1_0.reserved_quantity,
        i1_0.sold_quantity,
        i1_0.updated_at,
        i1_0.version 
    from
        inventory i1_0 
    where
        i1_0.product_id=?
2026-08-14T01:15:32.095+05:30 DEBUG 22184 --- [shopsphere-backend] [nio-8081-exec-3] org.hibernate.SQL                        : 
    select
        i1_0.id,
        i1_0.available_quantity,
        i1_0.created_at,
        i1_0.product_id,
        i1_0.reserved_quantity,
        i1_0.sold_quantity,
        i1_0.updated_at,
        i1_0.version 
    from
        inventory i1_0 
    where
        i1_0.product_id=?
Hibernate: 
    select
        i1_0.id,
        i1_0.available_quantity,
        i1_0.created_at,
        i1_0.product_id,
        i1_0.reserved_quantity,
        i1_0.sold_quantity,
        i1_0.updated_at,
        i1_0.version 
    from
        inventory i1_0 
    where
        i1_0.product_id=?
2026-08-14T01:15:32.097+05:30 DEBUG 22184 --- [shopsphere-backend] [nio-8081-exec-3] org.hibernate.SQL                        : 
    select
        i1_0.id,
        i1_0.available_quantity,
        i1_0.created_at,
        i1_0.product_id,
        i1_0.reserved_quantity,
        i1_0.sold_quantity,
        i1_0.updated_at,
        i1_0.version 
    from
        inventory i1_0 
    where
        i1_0.product_id=?
Hibernate: 
    select
        i1_0.id,
        i1_0.available_quantity,
        i1_0.created_at,
        i1_0.product_id,
        i1_0.reserved_quantity,
        i1_0.sold_quantity,
        i1_0.updated_at,
        i1_0.version 
    from
        inventory i1_0 
    where
        i1_0.product_id=?
2026-08-14T01:15:32.100+05:30 DEBUG 22184 --- [shopsphere-backend] [nio-8081-exec-3] org.hibernate.SQL                        : 
    select
        i1_0.id,
        i1_0.available_quantity,
        i1_0.created_at,
        i1_0.product_id,
        i1_0.reserved_quantity,
        i1_0.sold_quantity,
        i1_0.updated_at,
        i1_0.version 
    from
        inventory i1_0 
    where
        i1_0.product_id=?
Hibernate: 
    select
        i1_0.id,
        i1_0.available_quantity,
        i1_0.created_at,
        i1_0.product_id,
        i1_0.reserved_quantity,
        i1_0.sold_quantity,
        i1_0.updated_at,
        i1_0.version 
    from
        inventory i1_0 
    where
        i1_0.product_id=?
2026-08-14T01:15:32.103+05:30 DEBUG 22184 --- [shopsphere-backend] [nio-8081-exec-3] org.hibernate.SQL                        : 
    select
        i1_0.id,
        i1_0.available_quantity,
        i1_0.created_at,
        i1_0.product_id,
        i1_0.reserved_quantity,
        i1_0.sold_quantity,
        i1_0.updated_at,
        i1_0.version 
    from
        inventory i1_0 
    where
        i1_0.product_id=?
Hibernate: 
    select
        i1_0.id,
        i1_0.available_quantity,
        i1_0.created_at,
        i1_0.product_id,
        i1_0.reserved_quantity,
        i1_0.sold_quantity,
        i1_0.updated_at,
        i1_0.version 
    from
        inventory i1_0 
    where
        i1_0.product_id=?
2026-08-14T01:15:32.104+05:30 DEBUG 22184 --- [shopsphere-backend] [nio-8081-exec-3] org.hibernate.SQL                        : 
    select
        i1_0.id,
        i1_0.available_quantity,
        i1_0.created_at,
        i1_0.product_id,
        i1_0.reserved_quantity,
        i1_0.sold_quantity,
        i1_0.updated_at,
        i1_0.version 
    from
        inventory i1_0 
    where
        i1_0.product_id=?
Hibernate: 
    select
        i1_0.id,
        i1_0.available_quantity,
        i1_0.created_at,
        i1_0.product_id,
        i1_0.reserved_quantity,
        i1_0.sold_quantity,
        i1_0.updated_at,
        i1_0.version 
    from
        inventory i1_0 
    where
        i1_0.product_id=?
2026-08-14T01:15:32.108+05:30 DEBUG 22184 --- [shopsphere-backend] [nio-8081-exec-3] org.hibernate.SQL                        : 
    select
        i1_0.id,
        i1_0.available_quantity,
        i1_0.created_at,
        i1_0.product_id,
        i1_0.reserved_quantity,
        i1_0.sold_quantity,
        i1_0.updated_at,
        i1_0.version 
    from
        inventory i1_0 
    where
        i1_0.product_id=?
Hibernate: 
    select
        i1_0.id,
        i1_0.available_quantity,
        i1_0.created_at,
        i1_0.product_id,
        i1_0.reserved_quantity,
        i1_0.sold_quantity,
        i1_0.updated_at,
        i1_0.version 
    from
        inventory i1_0 
    where
        i1_0.product_id=?
2026-08-14T01:15:32.108+05:30 DEBUG 22184 --- [shopsphere-backend] [nio-8081-exec-3] org.hibernate.SQL                        : 
    select
        i1_0.id,
        i1_0.available_quantity,
        i1_0.created_at,
        i1_0.product_id,
        i1_0.reserved_quantity,
        i1_0.sold_quantity,
        i1_0.updated_at,
        i1_0.version 
    from
        inventory i1_0 
    where
        i1_0.product_id=?
Hibernate: 
    select
        i1_0.id,
        i1_0.available_quantity,
        i1_0.created_at,
        i1_0.product_id,
        i1_0.reserved_quantity,
        i1_0.sold_quantity,
        i1_0.updated_at,
        i1_0.version 
    from
        inventory i1_0 
    where
        i1_0.product_id=?
2026-08-14T01:15:32.108+05:30 DEBUG 22184 --- [shopsphere-backend] [nio-8081-exec-3] org.hibernate.SQL                        : 
    select
        i1_0.id,
        i1_0.available_quantity,
        i1_0.created_at,
        i1_0.product_id,
        i1_0.reserved_quantity,
        i1_0.sold_quantity,
        i1_0.updated_at,
        i1_0.version 
    from
        inventory i1_0 
    where
        i1_0.product_id=?
Hibernate: 
    select
        i1_0.id,
        i1_0.available_quantity,
        i1_0.created_at,
        i1_0.product_id,
        i1_0.reserved_quantity,
        i1_0.sold_quantity,
        i1_0.updated_at,
        i1_0.version 
    from
        inventory i1_0 
    where
        i1_0.product_id=?
2026-08-14T01:15:32.108+05:30 DEBUG 22184 --- [shopsphere-backend] [nio-8081-exec-3] org.hibernate.SQL                        : 
    select
        i1_0.id,
        i1_0.available_quantity,
        i1_0.created_at,
        i1_0.product_id,
        i1_0.reserved_quantity,
        i1_0.sold_quantity,
        i1_0.updated_at,
        i1_0.version 
    from
        inventory i1_0 
    where
        i1_0.product_id=?
Hibernate: 
    select
        i1_0.id,
        i1_0.available_quantity,
        i1_0.created_at,
        i1_0.product_id,
        i1_0.reserved_quantity,
        i1_0.sold_quantity,
        i1_0.updated_at,
        i1_0.version 
    from
        inventory i1_0 
    where
        i1_0.product_id=?
2026-08-14T01:15:32.117+05:30 DEBUG 22184 --- [shopsphere-backend] [nio-8081-exec-3] org.hibernate.SQL                        : 
    select
        i1_0.id,
        i1_0.available_quantity,
        i1_0.created_at,
        i1_0.product_id,
        i1_0.reserved_quantity,
        i1_0.sold_quantity,
        i1_0.updated_at,
        i1_0.version 
    from
        inventory i1_0 
    where
        i1_0.product_id=?
Hibernate: 
    select
        i1_0.id,
        i1_0.available_quantity,
        i1_0.created_at,
        i1_0.product_id,
        i1_0.reserved_quantity,
        i1_0.sold_quantity,
        i1_0.updated_at,
        i1_0.version 
    from
        inventory i1_0 
    where
        i1_0.product_id=?
2026-08-14T01:15:32.119+05:30 DEBUG 22184 --- [shopsphere-backend] [nio-8081-exec-3] org.hibernate.SQL                        : 
    select
        i1_0.product_id,
        i1_0.id,
        i1_0.created_at,
        i1_0.display_order,
        i1_0.image_url,
        i1_0.is_primary,
        i1_0.updated_at 
    from
        product_images i1_0 
    where
        i1_0.product_id=?
Hibernate: 
    select
        i1_0.product_id,
        i1_0.id,
        i1_0.created_at,
        i1_0.display_order,
        i1_0.image_url,
        i1_0.is_primary,
        i1_0.updated_at 
    from
        product_images i1_0 
    where
        i1_0.product_id=?
2026-08-14T01:15:32.121+05:30 DEBUG 22184 --- [shopsphere-backend] [nio-8081-exec-3] org.hibernate.SQL                        : 
    select
        c1_0.id,
        c1_0.active,
        c1_0.created_at,
        c1_0.description,
        c1_0.name,
        c1_0.parent_id,
        c1_0.slug,
        c1_0.updated_at 
    from
        categories c1_0 
    where
        c1_0.id=?
Hibernate: 
    select
        c1_0.id,
        c1_0.active,
        c1_0.created_at,
        c1_0.description,
        c1_0.name,
        c1_0.parent_id,
        c1_0.slug,
        c1_0.updated_at 
    from
        categories c1_0 
    where
        c1_0.id=?
2026-08-14T01:15:32.121+05:30 DEBUG 22184 --- [shopsphere-backend] [nio-8081-exec-3] org.hibernate.SQL                        : 
    select
        sp1_0.id,
        sp1_0.business_email,
        sp1_0.business_phone,
        sp1_0.created_at,
        sp1_0.description,
        sp1_0.status,
        sp1_0.store_name,
        sp1_0.tax_id,
        sp1_0.updated_at,
        sp1_0.user_id 
    from
        seller_profiles sp1_0 
    where
        sp1_0.id=?
Hibernate: 
    select
        sp1_0.id,
        sp1_0.business_email,
        sp1_0.business_phone,
        sp1_0.created_at,
        sp1_0.description,
        sp1_0.status,
        sp1_0.store_name,
        sp1_0.tax_id,
        sp1_0.updated_at,
        sp1_0.user_id 
    from
        seller_profiles sp1_0 
    where
        sp1_0.id=?
2026-08-14T01:15:32.121+05:30 DEBUG 22184 --- [shopsphere-backend] [nio-8081-exec-3] org.hibernate.SQL                        : 
    select
        i1_0.product_id,
        i1_0.id,
        i1_0.created_at,
        i1_0.display_order,
        i1_0.image_url,
        i1_0.is_primary,
        i1_0.updated_at 
    from
        product_images i1_0 
    where
        i1_0.product_id=?
Hibernate: 
    select
        i1_0.product_id,
        i1_0.id,
        i1_0.created_at,
        i1_0.display_order,
        i1_0.image_url,
        i1_0.is_primary,
        i1_0.updated_at 
    from
        product_images i1_0 
    where
        i1_0.product_id=?
2026-08-14T01:15:32.121+05:30 DEBUG 22184 --- [shopsphere-backend] [nio-8081-exec-3] org.hibernate.SQL                        : 
    select
        c1_0.id,
        c1_0.active,
        c1_0.created_at,
        c1_0.description,
        c1_0.name,
        c1_0.parent_id,
        c1_0.slug,
        c1_0.updated_at 
    from
        categories c1_0 
    where
        c1_0.id=?
Hibernate: 
    select
        c1_0.id,
        c1_0.active,
        c1_0.created_at,
        c1_0.description,
        c1_0.name,
        c1_0.parent_id,
        c1_0.slug,
        c1_0.updated_at 
    from
        categories c1_0 
    where
        c1_0.id=?
2026-08-14T01:15:32.128+05:30 DEBUG 22184 --- [shopsphere-backend] [nio-8081-exec-3] org.hibernate.SQL                        : 
    select
        i1_0.product_id,
        i1_0.id,
        i1_0.created_at,
        i1_0.display_order,
        i1_0.image_url,
        i1_0.is_primary,
        i1_0.updated_at 
    from
        product_images i1_0 
    where
        i1_0.product_id=?
Hibernate: 
    select
        i1_0.product_id,
        i1_0.id,
        i1_0.created_at,
        i1_0.display_order,
        i1_0.image_url,
        i1_0.is_primary,
        i1_0.updated_at 
    from
        product_images i1_0 
    where
        i1_0.product_id=?
2026-08-14T01:15:32.128+05:30 DEBUG 22184 --- [shopsphere-backend] [nio-8081-exec-3] org.hibernate.SQL                        : 
    select
        c1_0.id,
        c1_0.active,
        c1_0.created_at,
        c1_0.description,
        c1_0.name,
        c1_0.parent_id,
        c1_0.slug,
        c1_0.updated_at 
    from
        categories c1_0 
    where
        c1_0.id=?
Hibernate: 
    select
        c1_0.id,
        c1_0.active,
        c1_0.created_at,
        c1_0.description,
        c1_0.name,
        c1_0.parent_id,
        c1_0.slug,
        c1_0.updated_at 
    from
        categories c1_0 
    where
        c1_0.id=?
2026-08-14T01:15:32.132+05:30 DEBUG 22184 --- [shopsphere-backend] [nio-8081-exec-3] org.hibernate.SQL                        : 
    select
        i1_0.product_id,
        i1_0.id,
        i1_0.created_at,
        i1_0.display_order,
        i1_0.image_url,
        i1_0.is_primary,
        i1_0.updated_at 
    from
        product_images i1_0 
    where
        i1_0.product_id=?
Hibernate: 
    select
        i1_0.product_id,
        i1_0.id,
        i1_0.created_at,
        i1_0.display_order,
        i1_0.image_url,
        i1_0.is_primary,
        i1_0.updated_at 
    from
        product_images i1_0 
    where
        i1_0.product_id=?
2026-08-14T01:15:32.134+05:30 DEBUG 22184 --- [shopsphere-backend] [nio-8081-exec-3] org.hibernate.SQL                        : 
    select
        c1_0.id,
        c1_0.active,
        c1_0.created_at,
        c1_0.description,
        c1_0.name,
        c1_0.parent_id,
        c1_0.slug,
        c1_0.updated_at 
    from
        categories c1_0 
    where
        c1_0.id=?
Hibernate: 
    select
        c1_0.id,
        c1_0.active,
        c1_0.created_at,
        c1_0.description,
        c1_0.name,
        c1_0.parent_id,
        c1_0.slug,
        c1_0.updated_at 
    from
        categories c1_0 
    where
        c1_0.id=?
2026-08-14T01:15:32.134+05:30 DEBUG 22184 --- [shopsphere-backend] [nio-8081-exec-3] org.hibernate.SQL                        : 
    select
        i1_0.product_id,
        i1_0.id,
        i1_0.created_at,
        i1_0.display_order,
        i1_0.image_url,
        i1_0.is_primary,
        i1_0.updated_at 
    from
        product_images i1_0 
    where
        i1_0.product_id=?
Hibernate: 
    select
        i1_0.product_id,
        i1_0.id,
        i1_0.created_at,
        i1_0.display_order,
        i1_0.image_url,
        i1_0.is_primary,
        i1_0.updated_at 
    from
        product_images i1_0 
    where
        i1_0.product_id=?
2026-08-14T01:15:32.139+05:30 DEBUG 22184 --- [shopsphere-backend] [nio-8081-exec-3] org.hibernate.SQL                        : 
    select
        c1_0.id,
        c1_0.active,
        c1_0.created_at,
        c1_0.description,
        c1_0.name,
        c1_0.parent_id,
        c1_0.slug,
        c1_0.updated_at 
    from
        categories c1_0 
    where
        c1_0.id=?
Hibernate: 
    select
        c1_0.id,
        c1_0.active,
        c1_0.created_at,
        c1_0.description,
        c1_0.name,
        c1_0.parent_id,
        c1_0.slug,
        c1_0.updated_at 
    from
        categories c1_0 
    where
        c1_0.id=?
2026-08-14T01:15:32.140+05:30 DEBUG 22184 --- [shopsphere-backend] [nio-8081-exec-3] org.hibernate.SQL                        : 
    select
        i1_0.product_id,
        i1_0.id,
        i1_0.created_at,
        i1_0.display_order,
        i1_0.image_url,
        i1_0.is_primary,
        i1_0.updated_at 
    from
        product_images i1_0 
    where
        i1_0.product_id=?
Hibernate: 
    select
        i1_0.product_id,
        i1_0.id,
        i1_0.created_at,
        i1_0.display_order,
        i1_0.image_url,
        i1_0.is_primary,
        i1_0.updated_at 
    from
        product_images i1_0 
    where
        i1_0.product_id=?
2026-08-14T01:15:32.140+05:30 DEBUG 22184 --- [shopsphere-backend] [nio-8081-exec-3] org.hibernate.SQL                        : 
    select
        i1_0.product_id,
        i1_0.id,
        i1_0.created_at,
        i1_0.display_order,
        i1_0.image_url,
        i1_0.is_primary,
        i1_0.updated_at 
    from
        product_images i1_0 
    where
        i1_0.product_id=?
Hibernate: 
    select
        i1_0.product_id,
        i1_0.id,
        i1_0.created_at,
        i1_0.display_order,
        i1_0.image_url,
        i1_0.is_primary,
        i1_0.updated_at 
    from
        product_images i1_0 
    where
        i1_0.product_id=?
2026-08-14T01:15:32.140+05:30 DEBUG 22184 --- [shopsphere-backend] [nio-8081-exec-3] org.hibernate.SQL                        : 
    select
        c1_0.id,
        c1_0.active,
        c1_0.created_at,
        c1_0.description,
        c1_0.name,
        c1_0.parent_id,
        c1_0.slug,
        c1_0.updated_at 
    from
        categories c1_0 
    where
        c1_0.id=?
Hibernate: 
    select
        c1_0.id,
        c1_0.active,
        c1_0.created_at,
        c1_0.description,
        c1_0.name,
        c1_0.parent_id,
        c1_0.slug,
        c1_0.updated_at 
    from
        categories c1_0 
    where
        c1_0.id=?
2026-08-14T01:15:32.146+05:30 DEBUG 22184 --- [shopsphere-backend] [nio-8081-exec-3] org.hibernate.SQL                        : 
    select
        i1_0.product_id,
        i1_0.id,
        i1_0.created_at,
        i1_0.display_order,
        i1_0.image_url,
        i1_0.is_primary,
        i1_0.updated_at 
    from
        product_images i1_0 
    where
        i1_0.product_id=?
Hibernate: 
    select
        i1_0.product_id,
        i1_0.id,
        i1_0.created_at,
        i1_0.display_order,
        i1_0.image_url,
        i1_0.is_primary,
        i1_0.updated_at 
    from
        product_images i1_0 
    where
        i1_0.product_id=?
2026-08-14T01:15:32.149+05:30 DEBUG 22184 --- [shopsphere-backend] [nio-8081-exec-3] org.hibernate.SQL                        : 
    select
        i1_0.product_id,
        i1_0.id,
        i1_0.created_at,
        i1_0.display_order,
        i1_0.image_url,
        i1_0.is_primary,
        i1_0.updated_at 
    from
        product_images i1_0 
    where
        i1_0.product_id=?
Hibernate: 
    select
        i1_0.product_id,
        i1_0.id,
        i1_0.created_at,
        i1_0.display_order,
        i1_0.image_url,
        i1_0.is_primary,
        i1_0.updated_at 
    from
        product_images i1_0 
    where
        i1_0.product_id=?
2026-08-14T01:15:32.151+05:30 DEBUG 22184 --- [shopsphere-backend] [nio-8081-exec-3] org.hibernate.SQL                        : 
    select
        i1_0.product_id,
        i1_0.id,
        i1_0.created_at,
        i1_0.display_order,
        i1_0.image_url,
        i1_0.is_primary,
        i1_0.updated_at 
    from
        product_images i1_0 
    where
        i1_0.product_id=?
Hibernate: 
    select
        i1_0.product_id,
        i1_0.id,
        i1_0.created_at,
        i1_0.display_order,
        i1_0.image_url,
        i1_0.is_primary,
        i1_0.updated_at 
    from
        product_images i1_0 
    where
        i1_0.product_id=?
2026-08-14T01:15:32.151+05:30 DEBUG 22184 --- [shopsphere-backend] [nio-8081-exec-3] org.hibernate.SQL                        : 
    select
        i1_0.product_id,
        i1_0.id,
        i1_0.created_at,
        i1_0.display_order,
        i1_0.image_url,
        i1_0.is_primary,
        i1_0.updated_at 
    from
        product_images i1_0 
    where
        i1_0.product_id=?
Hibernate: 
    select
        i1_0.product_id,
        i1_0.id,
        i1_0.created_at,
        i1_0.display_order,
        i1_0.image_url,
        i1_0.is_primary,
        i1_0.updated_at 
    from
        product_images i1_0 
    where
        i1_0.product_id=?
2026-08-14T01:15:32.156+05:30 DEBUG 22184 --- [shopsphere-backend] [nio-8081-exec-3] org.hibernate.SQL                        : 
    select
        i1_0.product_id,
        i1_0.id,
        i1_0.created_at,
        i1_0.display_order,
        i1_0.image_url,
        i1_0.is_primary,
        i1_0.updated_at 
    from
        product_images i1_0 
    where
        i1_0.product_id=?
Hibernate: 
    select
        i1_0.product_id,
        i1_0.id,
        i1_0.created_at,
        i1_0.display_order,
        i1_0.image_url,
        i1_0.is_primary,
        i1_0.updated_at 
    from
        product_images i1_0 
    where
        i1_0.product_id=?
2026-08-14T01:15:32.160+05:30 DEBUG 22184 --- [shopsphere-backend] [nio-8081-exec-3] org.hibernate.SQL                        : 
    select
        c1_0.id,
        c1_0.active,
        c1_0.created_at,
        c1_0.description,
        c1_0.name,
        c1_0.parent_id,
        c1_0.slug,
        c1_0.updated_at 
    from
        categories c1_0 
    where
        c1_0.id=?
Hibernate: 
    select
        c1_0.id,
        c1_0.active,
        c1_0.created_at,
        c1_0.description,
        c1_0.name,
        c1_0.parent_id,
        c1_0.slug,
        c1_0.updated_at 
    from
        categories c1_0 
    where
        c1_0.id=?
2026-08-14T01:15:32.161+05:30 DEBUG 22184 --- [shopsphere-backend] [nio-8081-exec-3] org.hibernate.SQL                        : 
    select
        i1_0.product_id,
        i1_0.id,
        i1_0.created_at,
        i1_0.display_order,
        i1_0.image_url,
        i1_0.is_primary,
        i1_0.updated_at 
    from
        product_images i1_0 
    where
        i1_0.product_id=?
Hibernate: 
    select
        i1_0.product_id,
        i1_0.id,
        i1_0.created_at,
        i1_0.display_order,
        i1_0.image_url,
        i1_0.is_primary,
        i1_0.updated_at 
    from
        product_images i1_0 
    where
        i1_0.product_id=?
2026-08-14T01:15:32.161+05:30 DEBUG 22184 --- [shopsphere-backend] [nio-8081-exec-3] org.hibernate.SQL                        : 
    select
        i1_0.product_id,
        i1_0.id,
        i1_0.created_at,
        i1_0.display_order,
        i1_0.image_url,
        i1_0.is_primary,
        i1_0.updated_at 
    from
        product_images i1_0 
    where
        i1_0.product_id=?
Hibernate: 
    select
        i1_0.product_id,
        i1_0.id,
        i1_0.created_at,
        i1_0.display_order,
        i1_0.image_url,
        i1_0.is_primary,
        i1_0.updated_at 
    from
        product_images i1_0 
    where
        i1_0.product_id=?
2026-08-14T01:15:32.165+05:30 DEBUG 22184 --- [shopsphere-backend] [nio-8081-exec-3] org.hibernate.SQL                        : 
    select
        i1_0.product_id,
        i1_0.id,
        i1_0.created_at,
        i1_0.display_order,
        i1_0.image_url,
        i1_0.is_primary,
        i1_0.updated_at 
    from
        product_images i1_0 
    where
        i1_0.product_id=?
Hibernate: 
    select
        i1_0.product_id,
        i1_0.id,
        i1_0.created_at,
        i1_0.display_order,
        i1_0.image_url,
        i1_0.is_primary,
        i1_0.updated_at 
    from
        product_images i1_0 
    where
        i1_0.product_id=?
2026-08-14T01:15:32.166+05:30 DEBUG 22184 --- [shopsphere-backend] [nio-8081-exec-3] org.hibernate.SQL                        : 
    select
        i1_0.product_id,
        i1_0.id,
        i1_0.created_at,
        i1_0.display_order,
        i1_0.image_url,
        i1_0.is_primary,
        i1_0.updated_at 
    from
        product_images i1_0 
    where
        i1_0.product_id=?
Hibernate: 
    select
        i1_0.product_id,
        i1_0.id,
        i1_0.created_at,
        i1_0.display_order,
        i1_0.image_url,
        i1_0.is_primary,
        i1_0.updated_at 
    from
        product_images i1_0 
    where
        i1_0.product_id=?
2026-08-14T01:15:32.170+05:30 DEBUG 22184 --- [shopsphere-backend] [nio-8081-exec-3] org.hibernate.SQL                        : 
    select
        i1_0.product_id,
        i1_0.id,
        i1_0.created_at,
        i1_0.display_order,
        i1_0.image_url,
        i1_0.is_primary,
        i1_0.updated_at 
    from
        product_images i1_0 
    where
        i1_0.product_id=?
Hibernate: 
    select
        i1_0.product_id,
        i1_0.id,
        i1_0.created_at,
        i1_0.display_order,
        i1_0.image_url,
        i1_0.is_primary,
        i1_0.updated_at 
    from
        product_images i1_0 
    where
        i1_0.product_id=?
2026-08-14T01:15:32.170+05:30 DEBUG 22184 --- [shopsphere-backend] [nio-8081-exec-3] org.hibernate.SQL                        : 
    select
        i1_0.product_id,
        i1_0.id,
        i1_0.created_at,
        i1_0.display_order,
        i1_0.image_url,
        i1_0.is_primary,
        i1_0.updated_at 
    from
        product_images i1_0 
    where
        i1_0.product_id=?
Hibernate: 
    select
        i1_0.product_id,
        i1_0.id,
        i1_0.created_at,
        i1_0.display_order,
        i1_0.image_url,
        i1_0.is_primary,
        i1_0.updated_at 
    from
        product_images i1_0 
    where
        i1_0.product_id=?
2026-08-14T01:15:32.174+05:30 DEBUG 22184 --- [shopsphere-backend] [nio-8081-exec-3] org.hibernate.SQL                        : 
    select
        c1_0.id,
        c1_0.active,
        c1_0.created_at,
        c1_0.description,
        c1_0.name,
        c1_0.parent_id,
        c1_0.slug,
        c1_0.updated_at 
    from
        categories c1_0 
    where
        c1_0.id=?
Hibernate: 
    select
        c1_0.id,
        c1_0.active,
        c1_0.created_at,
        c1_0.description,
        c1_0.name,
        c1_0.parent_id,
        c1_0.slug,
        c1_0.updated_at 
    from
        categories c1_0 
    where
        c1_0.id=?
2026-08-14T01:15:32.174+05:30 DEBUG 22184 --- [shopsphere-backend] [nio-8081-exec-3] org.hibernate.SQL                        : 
    select
        i1_0.product_id,
        i1_0.id,
        i1_0.created_at,
        i1_0.display_order,
        i1_0.image_url,
        i1_0.is_primary,
        i1_0.updated_at 
    from
        product_images i1_0 
    where
        i1_0.product_id=?
Hibernate: 
    select
        i1_0.product_id,
        i1_0.id,
        i1_0.created_at,
        i1_0.display_order,
        i1_0.image_url,
        i1_0.is_primary,
        i1_0.updated_at 
    from
        product_images i1_0 
    where
        i1_0.product_id=?
2026-08-14T01:15:32.177+05:30 DEBUG 22184 --- [shopsphere-backend] [nio-8081-exec-3] org.hibernate.SQL                        : 
    select
        i1_0.product_id,
        i1_0.id,
        i1_0.created_at,
        i1_0.display_order,
        i1_0.image_url,
        i1_0.is_primary,
        i1_0.updated_at 
    from
        product_images i1_0 
    where
        i1_0.product_id=?
Hibernate: 
    select
        i1_0.product_id,
        i1_0.id,
        i1_0.created_at,
        i1_0.display_order,
        i1_0.image_url,
        i1_0.is_primary,
        i1_0.updated_at 
    from
        product_images i1_0 
    where
        i1_0.product_id=?
2026-08-14T01:15:32.177+05:30 DEBUG 22184 --- [shopsphere-backend] [nio-8081-exec-3] org.hibernate.SQL                        : 
    select
        c1_0.id,
        c1_0.active,
        c1_0.created_at,
        c1_0.description,
        c1_0.name,
        c1_0.parent_id,
        c1_0.slug,
        c1_0.updated_at 
    from
        categories c1_0 
    where
        c1_0.id=?
Hibernate: 
    select
        c1_0.id,
        c1_0.active,
        c1_0.created_at,
        c1_0.description,
        c1_0.name,
        c1_0.parent_id,
        c1_0.slug,
        c1_0.updated_at 
    from
        categories c1_0 
    where
        c1_0.id=?
2026-08-14T01:15:32.180+05:30 DEBUG 22184 --- [shopsphere-backend] [nio-8081-exec-3] org.hibernate.SQL                        : 
    select
        i1_0.product_id,
        i1_0.id,
        i1_0.created_at,
        i1_0.display_order,
        i1_0.image_url,
        i1_0.is_primary,
        i1_0.updated_at 
    from
        product_images i1_0 
    where
        i1_0.product_id=?
Hibernate: 
    select
        i1_0.product_id,
        i1_0.id,
        i1_0.created_at,
        i1_0.display_order,
        i1_0.image_url,
        i1_0.is_primary,
        i1_0.updated_at 
    from
        product_images i1_0 
    where
        i1_0.product_id=?
2026-08-14T01:15:32.180+05:30 DEBUG 22184 --- [shopsphere-backend] [nio-8081-exec-3] org.hibernate.SQL                        : 
    select
        i1_0.product_id,
        i1_0.id,
        i1_0.created_at,
        i1_0.display_order,
        i1_0.image_url,
        i1_0.is_primary,
        i1_0.updated_at 
    from
        product_images i1_0 
    where
        i1_0.product_id=?
Hibernate: 
    select
        i1_0.product_id,
        i1_0.id,
        i1_0.created_at,
        i1_0.display_order,
        i1_0.image_url,
        i1_0.is_primary,
        i1_0.updated_at 
    from
        product_images i1_0 
    where
        i1_0.product_id=?
2026-08-14T01:15:32.180+05:30 DEBUG 22184 --- [shopsphere-backend] [nio-8081-exec-3] org.hibernate.SQL                        : 
    select
        c1_0.id,
        c1_0.active,
        c1_0.created_at,
        c1_0.description,
        c1_0.name,
        c1_0.parent_id,
        c1_0.slug,
        c1_0.updated_at 
    from
        categories c1_0 
    where
        c1_0.id=?
Hibernate: 
    select
        c1_0.id,
        c1_0.active,
        c1_0.created_at,
        c1_0.description,
        c1_0.name,
        c1_0.parent_id,
        c1_0.slug,
        c1_0.updated_at 
    from
        categories c1_0 
    where
        c1_0.id=?
2026-08-14T01:15:32.180+05:30 DEBUG 22184 --- [shopsphere-backend] [nio-8081-exec-3] org.hibernate.SQL                        : 
    select
        i1_0.product_id,
        i1_0.id,
        i1_0.created_at,
        i1_0.display_order,
        i1_0.image_url,
        i1_0.is_primary,
        i1_0.updated_at 
    from
        product_images i1_0 
    where
        i1_0.product_id=?
Hibernate: 
    select
        i1_0.product_id,
        i1_0.id,
        i1_0.created_at,
        i1_0.display_order,
        i1_0.image_url,
        i1_0.is_primary,
        i1_0.updated_at 
    from
        product_images i1_0 
    where
        i1_0.product_id=?
2026-08-14T01:15:32.189+05:30 DEBUG 22184 --- [shopsphere-backend] [nio-8081-exec-3] org.hibernate.SQL                        : 
    select
        i1_0.product_id,
        i1_0.id,
        i1_0.created_at,
        i1_0.display_order,
        i1_0.image_url,
        i1_0.is_primary,
        i1_0.updated_at 
    from
        product_images i1_0 
    where
        i1_0.product_id=?
Hibernate: 
    select
        i1_0.product_id,
        i1_0.id,
        i1_0.created_at,
        i1_0.display_order,
        i1_0.image_url,
        i1_0.is_primary,
        i1_0.updated_at 
    from
        product_images i1_0 
    where
        i1_0.product_id=?
2026-08-14T01:15:32.191+05:30 DEBUG 22184 --- [shopsphere-backend] [nio-8081-exec-3] org.hibernate.SQL                        : 
    select
        c1_0.id,
        c1_0.active,
        c1_0.created_at,
        c1_0.description,
        c1_0.name,
        c1_0.parent_id,
        c1_0.slug,
        c1_0.updated_at 
    from
        categories c1_0 
    where
        c1_0.id=?
Hibernate: 
    select
        c1_0.id,
        c1_0.active,
        c1_0.created_at,
        c1_0.description,
        c1_0.name,
        c1_0.parent_id,
        c1_0.slug,
        c1_0.updated_at 
    from
        categories c1_0 
    where
        c1_0.id=?
2026-08-14T01:15:32.191+05:30 DEBUG 22184 --- [shopsphere-backend] [nio-8081-exec-3] m.m.a.RequestResponseBodyMethodProcessor : Using 'application/json', given [application/json, text/plain, */*] and supported [application/json, application/*+json]
2026-08-14T01:15:32.191+05:30 DEBUG 22184 --- [shopsphere-backend] [nio-8081-exec-3] m.m.a.RequestResponseBodyMethodProcessor : Writing [[ProductResponse(id=1, title=AeroRun Pro Sneakers, sku=SS-SHOE-001, description=Responsive running s (truncated)...]
2026-08-14T01:15:32.199+05:30 DEBUG 22184 --- [shopsphere-backend] [nio-8081-exec-3] o.s.web.servlet.DispatcherServlet        : Completed 200 OK
2026-08-14T01:16:09.287+05:30 DEBUG 22184 --- [shopsphere-backend] [nio-8081-exec-8] o.s.web.servlet.DispatcherServlet        : GET "/api/v1/products", parameters={}
2026-08-14T01:16:09.292+05:30 DEBUG 22184 --- [shopsphere-backend] [nio-8081-exec-8] s.w.s.m.m.a.RequestMappingHandlerMapping : Mapped to com.shopsphere.controller.ProductController#listProducts()
2026-08-14T01:16:09.296+05:30 DEBUG 22184 --- [shopsphere-backend] [nio-8081-exec-8] org.hibernate.SQL                        : 
    select
        p1_0.id,
        p1_0.active,
        p1_0.average_rating,
        p1_0.brand,
        p1_0.category_id,
        p1_0.color,
        p1_0.created_at,
        p1_0.description,
        p1_0.discount_price,
        p1_0.price,
        p1_0.review_count,
        p1_0.seller_profile_id,
        p1_0.size,
        p1_0.sku,
        p1_0.title,
        p1_0.updated_at 
    from
        products p1_0 
    order by
        p1_0.id
Hibernate: 
    select
        p1_0.id,
        p1_0.active,
        p1_0.average_rating,
        p1_0.brand,
        p1_0.category_id,
        p1_0.color,
        p1_0.created_at,
        p1_0.description,
        p1_0.discount_price,
        p1_0.price,
        p1_0.review_count,
        p1_0.seller_profile_id,
        p1_0.size,
        p1_0.sku,
        p1_0.title,
        p1_0.updated_at 
    from
        products p1_0 
    order by
        p1_0.id
2026-08-14T01:16:09.298+05:30 DEBUG 22184 --- [shopsphere-backend] [nio-8081-exec-8] org.hibernate.SQL                        : 
    select
        i1_0.id,
        i1_0.available_quantity,
        i1_0.created_at,
        i1_0.product_id,
        i1_0.reserved_quantity,
        i1_0.sold_quantity,
        i1_0.updated_at,
        i1_0.version 
    from
        inventory i1_0 
    where
        i1_0.product_id=?
Hibernate: 
    select
        i1_0.id,
        i1_0.available_quantity,
        i1_0.created_at,
        i1_0.product_id,
        i1_0.reserved_quantity,
        i1_0.sold_quantity,
        i1_0.updated_at,
        i1_0.version 
    from
        inventory i1_0 
    where
        i1_0.product_id=?
2026-08-14T01:16:09.300+05:30 DEBUG 22184 --- [shopsphere-backend] [nio-8081-exec-8] org.hibernate.SQL                        : 
    select
        i1_0.id,
        i1_0.available_quantity,
        i1_0.created_at,
        i1_0.product_id,
        i1_0.reserved_quantity,
        i1_0.sold_quantity,
        i1_0.updated_at,
        i1_0.version 
    from
        inventory i1_0 
    where
        i1_0.product_id=?
Hibernate: 
    select
        i1_0.id,
        i1_0.available_quantity,
        i1_0.created_at,
        i1_0.product_id,
        i1_0.reserved_quantity,
        i1_0.sold_quantity,
        i1_0.updated_at,
        i1_0.version 
    from
        inventory i1_0 
    where
        i1_0.product_id=?
2026-08-14T01:16:09.302+05:30 DEBUG 22184 --- [shopsphere-backend] [nio-8081-exec-8] org.hibernate.SQL                        : 
    select
        i1_0.id,
        i1_0.available_quantity,
        i1_0.created_at,
        i1_0.product_id,
        i1_0.reserved_quantity,
        i1_0.sold_quantity,
        i1_0.updated_at,
        i1_0.version 
    from
        inventory i1_0 
    where
        i1_0.product_id=?
Hibernate: 
    select
        i1_0.id,
        i1_0.available_quantity,
        i1_0.created_at,
        i1_0.product_id,
        i1_0.reserved_quantity,
        i1_0.sold_quantity,
        i1_0.updated_at,
        i1_0.version 
    from
        inventory i1_0 
    where
        i1_0.product_id=?
2026-08-14T01:16:09.304+05:30 DEBUG 22184 --- [shopsphere-backend] [nio-8081-exec-8] org.hibernate.SQL                        : 
    select
        i1_0.id,
        i1_0.available_quantity,
        i1_0.created_at,
        i1_0.product_id,
        i1_0.reserved_quantity,
        i1_0.sold_quantity,
        i1_0.updated_at,
        i1_0.version 
    from
        inventory i1_0 
    where
        i1_0.product_id=?
Hibernate: 
    select
        i1_0.id,
        i1_0.available_quantity,
        i1_0.created_at,
        i1_0.product_id,
        i1_0.reserved_quantity,
        i1_0.sold_quantity,
        i1_0.updated_at,
        i1_0.version 
    from
        inventory i1_0 
    where
        i1_0.product_id=?
2026-08-14T01:16:09.306+05:30 DEBUG 22184 --- [shopsphere-backend] [nio-8081-exec-8] org.hibernate.SQL                        : 
    select
        i1_0.id,
        i1_0.available_quantity,
        i1_0.created_at,
        i1_0.product_id,
        i1_0.reserved_quantity,
        i1_0.sold_quantity,
        i1_0.updated_at,
        i1_0.version 
    from
        inventory i1_0 
    where
        i1_0.product_id=?
Hibernate: 
    select
        i1_0.id,
        i1_0.available_quantity,
        i1_0.created_at,
        i1_0.product_id,
        i1_0.reserved_quantity,
        i1_0.sold_quantity,
        i1_0.updated_at,
        i1_0.version 
    from
        inventory i1_0 
    where
        i1_0.product_id=?
2026-08-14T01:16:09.308+05:30 DEBUG 22184 --- [shopsphere-backend] [nio-8081-exec-8] org.hibernate.SQL                        : 
    select
        i1_0.id,
        i1_0.available_quantity,
        i1_0.created_at,
        i1_0.product_id,
        i1_0.reserved_quantity,
        i1_0.sold_quantity,
        i1_0.updated_at,
        i1_0.version 
    from
        inventory i1_0 
    where
        i1_0.product_id=?
Hibernate: 
    select
        i1_0.id,
        i1_0.available_quantity,
        i1_0.created_at,
        i1_0.product_id,
        i1_0.reserved_quantity,
        i1_0.sold_quantity,
        i1_0.updated_at,
        i1_0.version 
    from
        inventory i1_0 
    where
        i1_0.product_id=?
2026-08-14T01:16:09.310+05:30 DEBUG 22184 --- [shopsphere-backend] [nio-8081-exec-8] org.hibernate.SQL                        : 
    select
        i1_0.id,
        i1_0.available_quantity,
        i1_0.created_at,
        i1_0.product_id,
        i1_0.reserved_quantity,
        i1_0.sold_quantity,
        i1_0.updated_at,
        i1_0.version 
    from
        inventory i1_0 
    where
        i1_0.product_id=?
Hibernate: 
    select
        i1_0.id,
        i1_0.available_quantity,
        i1_0.created_at,
        i1_0.product_id,
        i1_0.reserved_quantity,
        i1_0.sold_quantity,
        i1_0.updated_at,
        i1_0.version 
    from
        inventory i1_0 
    where
        i1_0.product_id=?
2026-08-14T01:16:09.313+05:30 DEBUG 22184 --- [shopsphere-backend] [nio-8081-exec-8] org.hibernate.SQL                        : 
    select
        i1_0.id,
        i1_0.available_quantity,
        i1_0.created_at,
        i1_0.product_id,
        i1_0.reserved_quantity,
        i1_0.sold_quantity,
        i1_0.updated_at,
        i1_0.version 
    from
        inventory i1_0 
    where
        i1_0.product_id=?
Hibernate: 
    select
        i1_0.id,
        i1_0.available_quantity,
        i1_0.created_at,
        i1_0.product_id,
        i1_0.reserved_quantity,
        i1_0.sold_quantity,
        i1_0.updated_at,
        i1_0.version 
    from
        inventory i1_0 
    where
        i1_0.product_id=?
2026-08-14T01:16:09.316+05:30 DEBUG 22184 --- [shopsphere-backend] [nio-8081-exec-8] org.hibernate.SQL                        : 
    select
        i1_0.id,
        i1_0.available_quantity,
        i1_0.created_at,
        i1_0.product_id,
        i1_0.reserved_quantity,
        i1_0.sold_quantity,
        i1_0.updated_at,
        i1_0.version 
    from
        inventory i1_0 
    where
        i1_0.product_id=?
Hibernate: 
    select
        i1_0.id,
        i1_0.available_quantity,
        i1_0.created_at,
        i1_0.product_id,
        i1_0.reserved_quantity,
        i1_0.sold_quantity,
        i1_0.updated_at,
        i1_0.version 
    from
        inventory i1_0 
    where
        i1_0.product_id=?
2026-08-14T01:16:09.317+05:30 DEBUG 22184 --- [shopsphere-backend] [nio-8081-exec-8] org.hibernate.SQL                        : 
    select
        i1_0.id,
        i1_0.available_quantity,
        i1_0.created_at,
        i1_0.product_id,
        i1_0.reserved_quantity,
        i1_0.sold_quantity,
        i1_0.updated_at,
        i1_0.version 
    from
        inventory i1_0 
    where
        i1_0.product_id=?
Hibernate: 
    select
        i1_0.id,
        i1_0.available_quantity,
        i1_0.created_at,
        i1_0.product_id,
        i1_0.reserved_quantity,
        i1_0.sold_quantity,
        i1_0.updated_at,
        i1_0.version 
    from
        inventory i1_0 
    where
        i1_0.product_id=?
2026-08-14T01:16:09.319+05:30 DEBUG 22184 --- [shopsphere-backend] [nio-8081-exec-8] org.hibernate.SQL                        : 
    select
        i1_0.id,
        i1_0.available_quantity,
        i1_0.created_at,
        i1_0.product_id,
        i1_0.reserved_quantity,
        i1_0.sold_quantity,
        i1_0.updated_at,
        i1_0.version 
    from
        inventory i1_0 
    where
        i1_0.product_id=?
Hibernate: 
    select
        i1_0.id,
        i1_0.available_quantity,
        i1_0.created_at,
        i1_0.product_id,
        i1_0.reserved_quantity,
        i1_0.sold_quantity,
        i1_0.updated_at,
        i1_0.version 
    from
        inventory i1_0 
    where
        i1_0.product_id=?
2026-08-14T01:16:09.321+05:30 DEBUG 22184 --- [shopsphere-backend] [nio-8081-exec-8] org.hibernate.SQL                        : 
    select
        i1_0.id,
        i1_0.available_quantity,
        i1_0.created_at,
        i1_0.product_id,
        i1_0.reserved_quantity,
        i1_0.sold_quantity,
        i1_0.updated_at,
        i1_0.version 
    from
        inventory i1_0 
    where
        i1_0.product_id=?
Hibernate: 
    select
        i1_0.id,
        i1_0.available_quantity,
        i1_0.created_at,
        i1_0.product_id,
        i1_0.reserved_quantity,
        i1_0.sold_quantity,
        i1_0.updated_at,
        i1_0.version 
    from
        inventory i1_0 
    where
        i1_0.product_id=?
2026-08-14T01:16:09.323+05:30 DEBUG 22184 --- [shopsphere-backend] [nio-8081-exec-8] org.hibernate.SQL                        : 
    select
        i1_0.id,
        i1_0.available_quantity,
        i1_0.created_at,
        i1_0.product_id,
        i1_0.reserved_quantity,
        i1_0.sold_quantity,
        i1_0.updated_at,
        i1_0.version 
    from
        inventory i1_0 
    where
        i1_0.product_id=?
Hibernate: 
    select
        i1_0.id,
        i1_0.available_quantity,
        i1_0.created_at,
        i1_0.product_id,
        i1_0.reserved_quantity,
        i1_0.sold_quantity,
        i1_0.updated_at,
        i1_0.version 
    from
        inventory i1_0 
    where
        i1_0.product_id=?
2026-08-14T01:16:09.326+05:30 DEBUG 22184 --- [shopsphere-backend] [nio-8081-exec-8] org.hibernate.SQL                        : 
    select
        i1_0.id,
        i1_0.available_quantity,
        i1_0.created_at,
        i1_0.product_id,
        i1_0.reserved_quantity,
        i1_0.sold_quantity,
        i1_0.updated_at,
        i1_0.version 
    from
        inventory i1_0 
    where
        i1_0.product_id=?
Hibernate: 
    select
        i1_0.id,
        i1_0.available_quantity,
        i1_0.created_at,
        i1_0.product_id,
        i1_0.reserved_quantity,
        i1_0.sold_quantity,
        i1_0.updated_at,
        i1_0.version 
    from
        inventory i1_0 
    where
        i1_0.product_id=?
2026-08-14T01:16:09.328+05:30 DEBUG 22184 --- [shopsphere-backend] [nio-8081-exec-8] org.hibernate.SQL                        : 
    select
        i1_0.id,
        i1_0.available_quantity,
        i1_0.created_at,
        i1_0.product_id,
        i1_0.reserved_quantity,
        i1_0.sold_quantity,
        i1_0.updated_at,
        i1_0.version 
    from
        inventory i1_0 
    where
        i1_0.product_id=?
Hibernate: 
    select
        i1_0.id,
        i1_0.available_quantity,
        i1_0.created_at,
        i1_0.product_id,
        i1_0.reserved_quantity,
        i1_0.sold_quantity,
        i1_0.updated_at,
        i1_0.version 
    from
        inventory i1_0 
    where
        i1_0.product_id=?
2026-08-14T01:16:09.331+05:30 DEBUG 22184 --- [shopsphere-backend] [nio-8081-exec-8] org.hibernate.SQL                        : 
    select
        i1_0.id,
        i1_0.available_quantity,
        i1_0.created_at,
        i1_0.product_id,
        i1_0.reserved_quantity,
        i1_0.sold_quantity,
        i1_0.updated_at,
        i1_0.version 
    from
        inventory i1_0 
    where
        i1_0.product_id=?
Hibernate: 
    select
        i1_0.id,
        i1_0.available_quantity,
        i1_0.created_at,
        i1_0.product_id,
        i1_0.reserved_quantity,
        i1_0.sold_quantity,
        i1_0.updated_at,
        i1_0.version 
    from
        inventory i1_0 
    where
        i1_0.product_id=?
2026-08-14T01:16:09.336+05:30 DEBUG 22184 --- [shopsphere-backend] [nio-8081-exec-8] org.hibernate.SQL                        : 
    select
        i1_0.id,
        i1_0.available_quantity,
        i1_0.created_at,
        i1_0.product_id,
        i1_0.reserved_quantity,
        i1_0.sold_quantity,
        i1_0.updated_at,
        i1_0.version 
    from
        inventory i1_0 
    where
        i1_0.product_id=?
Hibernate: 
    select
        i1_0.id,
        i1_0.available_quantity,
        i1_0.created_at,
        i1_0.product_id,
        i1_0.reserved_quantity,
        i1_0.sold_quantity,
        i1_0.updated_at,
        i1_0.version 
    from
        inventory i1_0 
    where
        i1_0.product_id=?
2026-08-14T01:16:09.338+05:30 DEBUG 22184 --- [shopsphere-backend] [nio-8081-exec-8] org.hibernate.SQL                        : 
    select
        i1_0.id,
        i1_0.available_quantity,
        i1_0.created_at,
        i1_0.product_id,
        i1_0.reserved_quantity,
        i1_0.sold_quantity,
        i1_0.updated_at,
        i1_0.version 
    from
        inventory i1_0 
    where
        i1_0.product_id=?
Hibernate: 
    select
        i1_0.id,
        i1_0.available_quantity,
        i1_0.created_at,
        i1_0.product_id,
        i1_0.reserved_quantity,
        i1_0.sold_quantity,
        i1_0.updated_at,
        i1_0.version 
    from
        inventory i1_0 
    where
        i1_0.product_id=?
2026-08-14T01:16:09.340+05:30 DEBUG 22184 --- [shopsphere-backend] [nio-8081-exec-8] org.hibernate.SQL                        : 
    select
        i1_0.id,
        i1_0.available_quantity,
        i1_0.created_at,
        i1_0.product_id,
        i1_0.reserved_quantity,
        i1_0.sold_quantity,
        i1_0.updated_at,
        i1_0.version 
    from
        inventory i1_0 
    where
        i1_0.product_id=?
Hibernate: 
    select
        i1_0.id,
        i1_0.available_quantity,
        i1_0.created_at,
        i1_0.product_id,
        i1_0.reserved_quantity,
        i1_0.sold_quantity,
        i1_0.updated_at,
        i1_0.version 
    from
        inventory i1_0 
    where
        i1_0.product_id=?
2026-08-14T01:16:09.341+05:30 DEBUG 22184 --- [shopsphere-backend] [nio-8081-exec-8] org.hibernate.SQL                        : 
    select
        i1_0.id,
        i1_0.available_quantity,
        i1_0.created_at,
        i1_0.product_id,
        i1_0.reserved_quantity,
        i1_0.sold_quantity,
        i1_0.updated_at,
        i1_0.version 
    from
        inventory i1_0 
    where
        i1_0.product_id=?
Hibernate: 
    select
        i1_0.id,
        i1_0.available_quantity,
        i1_0.created_at,
        i1_0.product_id,
        i1_0.reserved_quantity,
        i1_0.sold_quantity,
        i1_0.updated_at,
        i1_0.version 
    from
        inventory i1_0 
    where
        i1_0.product_id=?
2026-08-14T01:16:09.343+05:30 DEBUG 22184 --- [shopsphere-backend] [nio-8081-exec-8] org.hibernate.SQL                        : 
    select
        i1_0.id,
        i1_0.available_quantity,
        i1_0.created_at,
        i1_0.product_id,
        i1_0.reserved_quantity,
        i1_0.sold_quantity,
        i1_0.updated_at,
        i1_0.version 
    from
        inventory i1_0 
    where
        i1_0.product_id=?
Hibernate: 
    select
        i1_0.id,
        i1_0.available_quantity,
        i1_0.created_at,
        i1_0.product_id,
        i1_0.reserved_quantity,
        i1_0.sold_quantity,
        i1_0.updated_at,
        i1_0.version 
    from
        inventory i1_0 
    where
        i1_0.product_id=?
2026-08-14T01:16:09.346+05:30 DEBUG 22184 --- [shopsphere-backend] [nio-8081-exec-8] org.hibernate.SQL                        : 
    select
        i1_0.id,
        i1_0.available_quantity,
        i1_0.created_at,
        i1_0.product_id,
        i1_0.reserved_quantity,
        i1_0.sold_quantity,
        i1_0.updated_at,
        i1_0.version 
    from
        inventory i1_0 
    where
        i1_0.product_id=?
Hibernate: 
    select
        i1_0.id,
        i1_0.available_quantity,
        i1_0.created_at,
        i1_0.product_id,
        i1_0.reserved_quantity,
        i1_0.sold_quantity,
        i1_0.updated_at,
        i1_0.version 
    from
        inventory i1_0 
    where
        i1_0.product_id=?
2026-08-14T01:16:09.357+05:30 DEBUG 22184 --- [shopsphere-backend] [nio-8081-exec-8] org.hibernate.SQL                        : 
    select
        i1_0.id,
        i1_0.available_quantity,
        i1_0.created_at,
        i1_0.product_id,
        i1_0.reserved_quantity,
        i1_0.sold_quantity,
        i1_0.updated_at,
        i1_0.version 
    from
        inventory i1_0 
    where
        i1_0.product_id=?
Hibernate: 
    select
        i1_0.id,
        i1_0.available_quantity,
        i1_0.created_at,
        i1_0.product_id,
        i1_0.reserved_quantity,
        i1_0.sold_quantity,
        i1_0.updated_at,
        i1_0.version 
    from
        inventory i1_0 
    where
        i1_0.product_id=?
2026-08-14T01:16:09.360+05:30 DEBUG 22184 --- [shopsphere-backend] [nio-8081-exec-8] org.hibernate.SQL                        : 
    select
        i1_0.id,
        i1_0.available_quantity,
        i1_0.created_at,
        i1_0.product_id,
        i1_0.reserved_quantity,
        i1_0.sold_quantity,
        i1_0.updated_at,
        i1_0.version 
    from
        inventory i1_0 
    where
        i1_0.product_id=?
Hibernate: 
    select
        i1_0.id,
        i1_0.available_quantity,
        i1_0.created_at,
        i1_0.product_id,
        i1_0.reserved_quantity,
        i1_0.sold_quantity,
        i1_0.updated_at,
        i1_0.version 
    from
        inventory i1_0 
    where
        i1_0.product_id=?
2026-08-14T01:16:09.378+05:30 DEBUG 22184 --- [shopsphere-backend] [nio-8081-exec-8] org.hibernate.SQL                        : 
    select
        i1_0.product_id,
        i1_0.id,
        i1_0.created_at,
        i1_0.display_order,
        i1_0.image_url,
        i1_0.is_primary,
        i1_0.updated_at 
    from
        product_images i1_0 
    where
        i1_0.product_id=?
Hibernate: 
    select
        i1_0.product_id,
        i1_0.id,
        i1_0.created_at,
        i1_0.display_order,
        i1_0.image_url,
        i1_0.is_primary,
        i1_0.updated_at 
    from
        product_images i1_0 
    where
        i1_0.product_id=?
2026-08-14T01:16:09.381+05:30 DEBUG 22184 --- [shopsphere-backend] [nio-8081-exec-8] org.hibernate.SQL                        : 
    select
        c1_0.id,
        c1_0.active,
        c1_0.created_at,
        c1_0.description,
        c1_0.name,
        c1_0.parent_id,
        c1_0.slug,
        c1_0.updated_at 
    from
        categories c1_0 
    where
        c1_0.id=?
Hibernate: 
    select
        c1_0.id,
        c1_0.active,
        c1_0.created_at,
        c1_0.description,
        c1_0.name,
        c1_0.parent_id,
        c1_0.slug,
        c1_0.updated_at 
    from
        categories c1_0 
    where
        c1_0.id=?
2026-08-14T01:16:09.382+05:30 DEBUG 22184 --- [shopsphere-backend] [nio-8081-exec-8] org.hibernate.SQL                        : 
    select
        sp1_0.id,
        sp1_0.business_email,
        sp1_0.business_phone,
        sp1_0.created_at,
        sp1_0.description,
        sp1_0.status,
        sp1_0.store_name,
        sp1_0.tax_id,
        sp1_0.updated_at,
        sp1_0.user_id 
    from
        seller_profiles sp1_0 
    where
        sp1_0.id=?
Hibernate: 
    select
        sp1_0.id,
        sp1_0.business_email,
        sp1_0.business_phone,
        sp1_0.created_at,
        sp1_0.description,
        sp1_0.status,
        sp1_0.store_name,
        sp1_0.tax_id,
        sp1_0.updated_at,
        sp1_0.user_id 
    from
        seller_profiles sp1_0 
    where
        sp1_0.id=?
2026-08-14T01:16:09.384+05:30 DEBUG 22184 --- [shopsphere-backend] [nio-8081-exec-8] org.hibernate.SQL                        : 
    select
        i1_0.product_id,
        i1_0.id,
        i1_0.created_at,
        i1_0.display_order,
        i1_0.image_url,
        i1_0.is_primary,
        i1_0.updated_at 
    from
        product_images i1_0 
    where
        i1_0.product_id=?
Hibernate: 
    select
        i1_0.product_id,
        i1_0.id,
        i1_0.created_at,
        i1_0.display_order,
        i1_0.image_url,
        i1_0.is_primary,
        i1_0.updated_at 
    from
        product_images i1_0 
    where
        i1_0.product_id=?
2026-08-14T01:16:09.386+05:30 DEBUG 22184 --- [shopsphere-backend] [nio-8081-exec-8] org.hibernate.SQL                        : 
    select
        c1_0.id,
        c1_0.active,
        c1_0.created_at,
        c1_0.description,
        c1_0.name,
        c1_0.parent_id,
        c1_0.slug,
        c1_0.updated_at 
    from
        categories c1_0 
    where
        c1_0.id=?
Hibernate: 
    select
        c1_0.id,
        c1_0.active,
        c1_0.created_at,
        c1_0.description,
        c1_0.name,
        c1_0.parent_id,
        c1_0.slug,
        c1_0.updated_at 
    from
        categories c1_0 
    where
        c1_0.id=?
2026-08-14T01:16:09.386+05:30 DEBUG 22184 --- [shopsphere-backend] [nio-8081-exec-8] org.hibernate.SQL                        : 
    select
        i1_0.product_id,
        i1_0.id,
        i1_0.created_at,
        i1_0.display_order,
        i1_0.image_url,
        i1_0.is_primary,
        i1_0.updated_at 
    from
        product_images i1_0 
    where
        i1_0.product_id=?
Hibernate: 
    select
        i1_0.product_id,
        i1_0.id,
        i1_0.created_at,
        i1_0.display_order,
        i1_0.image_url,
        i1_0.is_primary,
        i1_0.updated_at 
    from
        product_images i1_0 
    where
        i1_0.product_id=?
2026-08-14T01:16:09.390+05:30 DEBUG 22184 --- [shopsphere-backend] [nio-8081-exec-8] org.hibernate.SQL                        : 
    select
        c1_0.id,
        c1_0.active,
        c1_0.created_at,
        c1_0.description,
        c1_0.name,
        c1_0.parent_id,
        c1_0.slug,
        c1_0.updated_at 
    from
        categories c1_0 
    where
        c1_0.id=?
Hibernate: 
    select
        c1_0.id,
        c1_0.active,
        c1_0.created_at,
        c1_0.description,
        c1_0.name,
        c1_0.parent_id,
        c1_0.slug,
        c1_0.updated_at 
    from
        categories c1_0 
    where
        c1_0.id=?
2026-08-14T01:16:09.392+05:30 DEBUG 22184 --- [shopsphere-backend] [nio-8081-exec-8] org.hibernate.SQL                        : 
    select
        i1_0.product_id,
        i1_0.id,
        i1_0.created_at,
        i1_0.display_order,
        i1_0.image_url,
        i1_0.is_primary,
        i1_0.updated_at 
    from
        product_images i1_0 
    where
        i1_0.product_id=?
Hibernate: 
    select
        i1_0.product_id,
        i1_0.id,
        i1_0.created_at,
        i1_0.display_order,
        i1_0.image_url,
        i1_0.is_primary,
        i1_0.updated_at 
    from
        product_images i1_0 
    where
        i1_0.product_id=?
2026-08-14T01:16:09.395+05:30 DEBUG 22184 --- [shopsphere-backend] [nio-8081-exec-8] org.hibernate.SQL                        : 
    select
        c1_0.id,
        c1_0.active,
        c1_0.created_at,
        c1_0.description,
        c1_0.name,
        c1_0.parent_id,
        c1_0.slug,
        c1_0.updated_at 
    from
        categories c1_0 
    where
        c1_0.id=?
Hibernate: 
    select
        c1_0.id,
        c1_0.active,
        c1_0.created_at,
        c1_0.description,
        c1_0.name,
        c1_0.parent_id,
        c1_0.slug,
        c1_0.updated_at 
    from
        categories c1_0 
    where
        c1_0.id=?
2026-08-14T01:16:09.397+05:30 DEBUG 22184 --- [shopsphere-backend] [nio-8081-exec-8] org.hibernate.SQL                        : 
    select
        i1_0.product_id,
        i1_0.id,
        i1_0.created_at,
        i1_0.display_order,
        i1_0.image_url,
        i1_0.is_primary,
        i1_0.updated_at 
    from
        product_images i1_0 
    where
        i1_0.product_id=?
Hibernate: 
    select
        i1_0.product_id,
        i1_0.id,
        i1_0.created_at,
        i1_0.display_order,
        i1_0.image_url,
        i1_0.is_primary,
        i1_0.updated_at 
    from
        product_images i1_0 
    where
        i1_0.product_id=?
2026-08-14T01:16:09.398+05:30 DEBUG 22184 --- [shopsphere-backend] [nio-8081-exec-8] org.hibernate.SQL                        : 
    select
        c1_0.id,
        c1_0.active,
        c1_0.created_at,
        c1_0.description,
        c1_0.name,
        c1_0.parent_id,
        c1_0.slug,
        c1_0.updated_at 
    from
        categories c1_0 
    where
        c1_0.id=?
Hibernate: 
    select
        c1_0.id,
        c1_0.active,
        c1_0.created_at,
        c1_0.description,
        c1_0.name,
        c1_0.parent_id,
        c1_0.slug,
        c1_0.updated_at 
    from
        categories c1_0 
    where
        c1_0.id=?
2026-08-14T01:16:09.400+05:30 DEBUG 22184 --- [shopsphere-backend] [nio-8081-exec-8] org.hibernate.SQL                        : 
    select
        i1_0.product_id,
        i1_0.id,
        i1_0.created_at,
        i1_0.display_order,
        i1_0.image_url,
        i1_0.is_primary,
        i1_0.updated_at 
    from
        product_images i1_0 
    where
        i1_0.product_id=?
Hibernate: 
    select
        i1_0.product_id,
        i1_0.id,
        i1_0.created_at,
        i1_0.display_order,
        i1_0.image_url,
        i1_0.is_primary,
        i1_0.updated_at 
    from
        product_images i1_0 
    where
        i1_0.product_id=?
2026-08-14T01:16:09.403+05:30 DEBUG 22184 --- [shopsphere-backend] [nio-8081-exec-8] org.hibernate.SQL                        : 
    select
        i1_0.product_id,
        i1_0.id,
        i1_0.created_at,
        i1_0.display_order,
        i1_0.image_url,
        i1_0.is_primary,
        i1_0.updated_at 
    from
        product_images i1_0 
    where
        i1_0.product_id=?
Hibernate: 
    select
        i1_0.product_id,
        i1_0.id,
        i1_0.created_at,
        i1_0.display_order,
        i1_0.image_url,
        i1_0.is_primary,
        i1_0.updated_at 
    from
        product_images i1_0 
    where
        i1_0.product_id=?
2026-08-14T01:16:09.405+05:30 DEBUG 22184 --- [shopsphere-backend] [nio-8081-exec-8] org.hibernate.SQL                        : 
    select
        c1_0.id,
        c1_0.active,
        c1_0.created_at,
        c1_0.description,
        c1_0.name,
        c1_0.parent_id,
        c1_0.slug,
        c1_0.updated_at 
    from
        categories c1_0 
    where
        c1_0.id=?
Hibernate: 
    select
        c1_0.id,
        c1_0.active,
        c1_0.created_at,
        c1_0.description,
        c1_0.name,
        c1_0.parent_id,
        c1_0.slug,
        c1_0.updated_at 
    from
        categories c1_0 
    where
        c1_0.id=?
2026-08-14T01:16:09.407+05:30 DEBUG 22184 --- [shopsphere-backend] [nio-8081-exec-8] org.hibernate.SQL                        : 
    select
        i1_0.product_id,
        i1_0.id,
        i1_0.created_at,
        i1_0.display_order,
        i1_0.image_url,
        i1_0.is_primary,
        i1_0.updated_at 
    from
        product_images i1_0 
    where
        i1_0.product_id=?
Hibernate: 
    select
        i1_0.product_id,
        i1_0.id,
        i1_0.created_at,
        i1_0.display_order,
        i1_0.image_url,
        i1_0.is_primary,
        i1_0.updated_at 
    from
        product_images i1_0 
    where
        i1_0.product_id=?
2026-08-14T01:16:09.408+05:30 DEBUG 22184 --- [shopsphere-backend] [nio-8081-exec-8] org.hibernate.SQL                        : 
    select
        i1_0.product_id,
        i1_0.id,
        i1_0.created_at,
        i1_0.display_order,
        i1_0.image_url,
        i1_0.is_primary,
        i1_0.updated_at 
    from
        product_images i1_0 
    where
        i1_0.product_id=?
Hibernate: 
    select
        i1_0.product_id,
        i1_0.id,
        i1_0.created_at,
        i1_0.display_order,
        i1_0.image_url,
        i1_0.is_primary,
        i1_0.updated_at 
    from
        product_images i1_0 
    where
        i1_0.product_id=?
2026-08-14T01:16:09.411+05:30 DEBUG 22184 --- [shopsphere-backend] [nio-8081-exec-8] org.hibernate.SQL                        : 
    select
        i1_0.product_id,
        i1_0.id,
        i1_0.created_at,
        i1_0.display_order,
        i1_0.image_url,
        i1_0.is_primary,
        i1_0.updated_at 
    from
        product_images i1_0 
    where
        i1_0.product_id=?
Hibernate: 
    select
        i1_0.product_id,
        i1_0.id,
        i1_0.created_at,
        i1_0.display_order,
        i1_0.image_url,
        i1_0.is_primary,
        i1_0.updated_at 
    from
        product_images i1_0 
    where
        i1_0.product_id=?
2026-08-14T01:16:09.413+05:30 DEBUG 22184 --- [shopsphere-backend] [nio-8081-exec-8] org.hibernate.SQL                        : 
    select
        i1_0.product_id,
        i1_0.id,
        i1_0.created_at,
        i1_0.display_order,
        i1_0.image_url,
        i1_0.is_primary,
        i1_0.updated_at 
    from
        product_images i1_0 
    where
        i1_0.product_id=?
Hibernate: 
    select
        i1_0.product_id,
        i1_0.id,
        i1_0.created_at,
        i1_0.display_order,
        i1_0.image_url,
        i1_0.is_primary,
        i1_0.updated_at 
    from
        product_images i1_0 
    where
        i1_0.product_id=?
2026-08-14T01:16:09.415+05:30 DEBUG 22184 --- [shopsphere-backend] [nio-8081-exec-8] org.hibernate.SQL                        : 
    select
        i1_0.product_id,
        i1_0.id,
        i1_0.created_at,
        i1_0.display_order,
        i1_0.image_url,
        i1_0.is_primary,
        i1_0.updated_at 
    from
        product_images i1_0 
    where
        i1_0.product_id=?
Hibernate: 
    select
        i1_0.product_id,
        i1_0.id,
        i1_0.created_at,
        i1_0.display_order,
        i1_0.image_url,
        i1_0.is_primary,
        i1_0.updated_at 
    from
        product_images i1_0 
    where
        i1_0.product_id=?
2026-08-14T01:16:09.416+05:30 DEBUG 22184 --- [shopsphere-backend] [nio-8081-exec-8] org.hibernate.SQL                        : 
    select
        c1_0.id,
        c1_0.active,
        c1_0.created_at,
        c1_0.description,
        c1_0.name,
        c1_0.parent_id,
        c1_0.slug,
        c1_0.updated_at 
    from
        categories c1_0 
    where
        c1_0.id=?
Hibernate: 
    select
        c1_0.id,
        c1_0.active,
        c1_0.created_at,
        c1_0.description,
        c1_0.name,
        c1_0.parent_id,
        c1_0.slug,
        c1_0.updated_at 
    from
        categories c1_0 
    where
        c1_0.id=?
2026-08-14T01:16:09.418+05:30 DEBUG 22184 --- [shopsphere-backend] [nio-8081-exec-8] org.hibernate.SQL                        : 
    select
        i1_0.product_id,
        i1_0.id,
        i1_0.created_at,
        i1_0.display_order,
        i1_0.image_url,
        i1_0.is_primary,
        i1_0.updated_at 
    from
        product_images i1_0 
    where
        i1_0.product_id=?
Hibernate: 
    select
        i1_0.product_id,
        i1_0.id,
        i1_0.created_at,
        i1_0.display_order,
        i1_0.image_url,
        i1_0.is_primary,
        i1_0.updated_at 
    from
        product_images i1_0 
    where
        i1_0.product_id=?
2026-08-14T01:16:09.419+05:30 DEBUG 22184 --- [shopsphere-backend] [nio-8081-exec-8] org.hibernate.SQL                        : 
    select
        i1_0.product_id,
        i1_0.id,
        i1_0.created_at,
        i1_0.display_order,
        i1_0.image_url,
        i1_0.is_primary,
        i1_0.updated_at 
    from
        product_images i1_0 
    where
        i1_0.product_id=?
Hibernate: 
    select
        i1_0.product_id,
        i1_0.id,
        i1_0.created_at,
        i1_0.display_order,
        i1_0.image_url,
        i1_0.is_primary,
        i1_0.updated_at 
    from
        product_images i1_0 
    where
        i1_0.product_id=?
2026-08-14T01:16:09.421+05:30 DEBUG 22184 --- [shopsphere-backend] [nio-8081-exec-8] org.hibernate.SQL                        : 
    select
        i1_0.product_id,
        i1_0.id,
        i1_0.created_at,
        i1_0.display_order,
        i1_0.image_url,
        i1_0.is_primary,
        i1_0.updated_at 
    from
        product_images i1_0 
    where
        i1_0.product_id=?
Hibernate: 
    select
        i1_0.product_id,
        i1_0.id,
        i1_0.created_at,
        i1_0.display_order,
        i1_0.image_url,
        i1_0.is_primary,
        i1_0.updated_at 
    from
        product_images i1_0 
    where
        i1_0.product_id=?
2026-08-14T01:16:09.422+05:30 DEBUG 22184 --- [shopsphere-backend] [nio-8081-exec-8] org.hibernate.SQL                        : 
    select
        i1_0.product_id,
        i1_0.id,
        i1_0.created_at,
        i1_0.display_order,
        i1_0.image_url,
        i1_0.is_primary,
        i1_0.updated_at 
    from
        product_images i1_0 
    where
        i1_0.product_id=?
Hibernate: 
    select
        i1_0.product_id,
        i1_0.id,
        i1_0.created_at,
        i1_0.display_order,
        i1_0.image_url,
        i1_0.is_primary,
        i1_0.updated_at 
    from
        product_images i1_0 
    where
        i1_0.product_id=?
2026-08-14T01:16:09.424+05:30 DEBUG 22184 --- [shopsphere-backend] [nio-8081-exec-8] org.hibernate.SQL                        : 
    select
        i1_0.product_id,
        i1_0.id,
        i1_0.created_at,
        i1_0.display_order,
        i1_0.image_url,
        i1_0.is_primary,
        i1_0.updated_at 
    from
        product_images i1_0 
    where
        i1_0.product_id=?
Hibernate: 
    select
        i1_0.product_id,
        i1_0.id,
        i1_0.created_at,
        i1_0.display_order,
        i1_0.image_url,
        i1_0.is_primary,
        i1_0.updated_at 
    from
        product_images i1_0 
    where
        i1_0.product_id=?
2026-08-14T01:16:09.426+05:30 DEBUG 22184 --- [shopsphere-backend] [nio-8081-exec-8] org.hibernate.SQL                        : 
    select
        i1_0.product_id,
        i1_0.id,
        i1_0.created_at,
        i1_0.display_order,
        i1_0.image_url,
        i1_0.is_primary,
        i1_0.updated_at 
    from
        product_images i1_0 
    where
        i1_0.product_id=?
Hibernate: 
    select
        i1_0.product_id,
        i1_0.id,
        i1_0.created_at,
        i1_0.display_order,
        i1_0.image_url,
        i1_0.is_primary,
        i1_0.updated_at 
    from
        product_images i1_0 
    where
        i1_0.product_id=?
2026-08-14T01:16:09.427+05:30 DEBUG 22184 --- [shopsphere-backend] [nio-8081-exec-8] org.hibernate.SQL                        : 
    select
        c1_0.id,
        c1_0.active,
        c1_0.created_at,
        c1_0.description,
        c1_0.name,
        c1_0.parent_id,
        c1_0.slug,
        c1_0.updated_at 
    from
        categories c1_0 
    where
        c1_0.id=?
Hibernate: 
    select
        c1_0.id,
        c1_0.active,
        c1_0.created_at,
        c1_0.description,
        c1_0.name,
        c1_0.parent_id,
        c1_0.slug,
        c1_0.updated_at 
    from
        categories c1_0 
    where
        c1_0.id=?
2026-08-14T01:16:09.429+05:30 DEBUG 22184 --- [shopsphere-backend] [nio-8081-exec-8] org.hibernate.SQL                        : 
    select
        i1_0.product_id,
        i1_0.id,
        i1_0.created_at,
        i1_0.display_order,
        i1_0.image_url,
        i1_0.is_primary,
        i1_0.updated_at 
    from
        product_images i1_0 
    where
        i1_0.product_id=?
Hibernate: 
    select
        i1_0.product_id,
        i1_0.id,
        i1_0.created_at,
        i1_0.display_order,
        i1_0.image_url,
        i1_0.is_primary,
        i1_0.updated_at 
    from
        product_images i1_0 
    where
        i1_0.product_id=?
2026-08-14T01:16:09.431+05:30 DEBUG 22184 --- [shopsphere-backend] [nio-8081-exec-8] org.hibernate.SQL                        : 
    select
        i1_0.product_id,
        i1_0.id,
        i1_0.created_at,
        i1_0.display_order,
        i1_0.image_url,
        i1_0.is_primary,
        i1_0.updated_at 
    from
        product_images i1_0 
    where
        i1_0.product_id=?
Hibernate: 
    select
        i1_0.product_id,
        i1_0.id,
        i1_0.created_at,
        i1_0.display_order,
        i1_0.image_url,
        i1_0.is_primary,
        i1_0.updated_at 
    from
        product_images i1_0 
    where
        i1_0.product_id=?
2026-08-14T01:16:09.433+05:30 DEBUG 22184 --- [shopsphere-backend] [nio-8081-exec-8] org.hibernate.SQL                        : 
    select
        c1_0.id,
        c1_0.active,
        c1_0.created_at,
        c1_0.description,
        c1_0.name,
        c1_0.parent_id,
        c1_0.slug,
        c1_0.updated_at 
    from
        categories c1_0 
    where
        c1_0.id=?
Hibernate: 
    select
        c1_0.id,
        c1_0.active,
        c1_0.created_at,
        c1_0.description,
        c1_0.name,
        c1_0.parent_id,
        c1_0.slug,
        c1_0.updated_at 
    from
        categories c1_0 
    where
        c1_0.id=?
2026-08-14T01:16:09.434+05:30 DEBUG 22184 --- [shopsphere-backend] [nio-8081-exec-8] org.hibernate.SQL                        : 
    select
        i1_0.product_id,
        i1_0.id,
        i1_0.created_at,
        i1_0.display_order,
        i1_0.image_url,
        i1_0.is_primary,
        i1_0.updated_at 
    from
        product_images i1_0 
    where
        i1_0.product_id=?
Hibernate: 
    select
        i1_0.product_id,
        i1_0.id,
        i1_0.created_at,
        i1_0.display_order,
        i1_0.image_url,
        i1_0.is_primary,
        i1_0.updated_at 
    from
        product_images i1_0 
    where
        i1_0.product_id=?
2026-08-14T01:16:09.436+05:30 DEBUG 22184 --- [shopsphere-backend] [nio-8081-exec-8] org.hibernate.SQL                        : 
    select
        i1_0.product_id,
        i1_0.id,
        i1_0.created_at,
        i1_0.display_order,
        i1_0.image_url,
        i1_0.is_primary,
        i1_0.updated_at 
    from
        product_images i1_0 
    where
        i1_0.product_id=?
Hibernate: 
    select
        i1_0.product_id,
        i1_0.id,
        i1_0.created_at,
        i1_0.display_order,
        i1_0.image_url,
        i1_0.is_primary,
        i1_0.updated_at 
    from
        product_images i1_0 
    where
        i1_0.product_id=?
2026-08-14T01:16:09.438+05:30 DEBUG 22184 --- [shopsphere-backend] [nio-8081-exec-8] org.hibernate.SQL                        : 
    select
        c1_0.id,
        c1_0.active,
        c1_0.created_at,
        c1_0.description,
        c1_0.name,
        c1_0.parent_id,
        c1_0.slug,
        c1_0.updated_at 
    from
        categories c1_0 
    where
        c1_0.id=?
Hibernate: 
    select
        c1_0.id,
        c1_0.active,
        c1_0.created_at,
        c1_0.description,
        c1_0.name,
        c1_0.parent_id,
        c1_0.slug,
        c1_0.updated_at 
    from
        categories c1_0 
    where
        c1_0.id=?
2026-08-14T01:16:09.439+05:30 DEBUG 22184 --- [shopsphere-backend] [nio-8081-exec-8] org.hibernate.SQL                        : 
    select
        i1_0.product_id,
        i1_0.id,
        i1_0.created_at,
        i1_0.display_order,
        i1_0.image_url,
        i1_0.is_primary,
        i1_0.updated_at 
    from
        product_images i1_0 
    where
        i1_0.product_id=?
Hibernate: 
    select
        i1_0.product_id,
        i1_0.id,
        i1_0.created_at,
        i1_0.display_order,
        i1_0.image_url,
        i1_0.is_primary,
        i1_0.updated_at 
    from
        product_images i1_0 
    where
        i1_0.product_id=?
2026-08-14T01:16:09.440+05:30 DEBUG 22184 --- [shopsphere-backend] [nio-8081-exec-8] org.hibernate.SQL                        : 
    select
        i1_0.product_id,
        i1_0.id,
        i1_0.created_at,
        i1_0.display_order,
        i1_0.image_url,
        i1_0.is_primary,
        i1_0.updated_at 
    from
        product_images i1_0 
    where
        i1_0.product_id=?
Hibernate: 
    select
        i1_0.product_id,
        i1_0.id,
        i1_0.created_at,
        i1_0.display_order,
        i1_0.image_url,
        i1_0.is_primary,
        i1_0.updated_at 
    from
        product_images i1_0 
    where
        i1_0.product_id=?
2026-08-14T01:16:09.442+05:30 DEBUG 22184 --- [shopsphere-backend] [nio-8081-exec-8] org.hibernate.SQL                        : 
    select
        c1_0.id,
        c1_0.active,
        c1_0.created_at,
        c1_0.description,
        c1_0.name,
        c1_0.parent_id,
        c1_0.slug,
        c1_0.updated_at 
    from
        categories c1_0 
    where
        c1_0.id=?
Hibernate: 
    select
        c1_0.id,
        c1_0.active,
        c1_0.created_at,
        c1_0.description,
        c1_0.name,
        c1_0.parent_id,
        c1_0.slug,
        c1_0.updated_at 
    from
        categories c1_0 
    where
        c1_0.id=?
2026-08-14T01:16:09.445+05:30 DEBUG 22184 --- [shopsphere-backend] [nio-8081-exec-8] m.m.a.RequestResponseBodyMethodProcessor : Using 'application/json', given [application/json, text/plain, */*] and supported [application/json, application/*+json]
2026-08-14T01:16:09.447+05:30 DEBUG 22184 --- [shopsphere-backend] [nio-8081-exec-8] m.m.a.RequestResponseBodyMethodProcessor : Writing [[ProductResponse(id=1, title=AeroRun Pro Sneakers, sku=SS-SHOE-001, description=Responsive running s (truncated)...]
2026-08-14T01:16:09.449+05:30 DEBUG 22184 --- [shopsphere-backend] [nio-8081-exec-8] o.s.web.servlet.DispatcherServlet        : Completed 200 OK
2026-08-14T02:34:21.133+05:30  WARN 22184 --- [shopsphere-backend] [l-1 housekeeper] com.zaxxer.hikari.pool.HikariPool        : HikariPool-1 - Thread starvation or clock leap detected (housekeeper delta=15m30s19ms469µs800ns).
2026-08-14T13:39:18.133+05:30  WARN 22184 --- [shopsphere-backend] [l-1 housekeeper] com.zaxxer.hikari.pool.HikariPool        : HikariPool-1 - Thread starvation or clock leap detected (housekeeper delta=11h5m5s555ms757µs700ns).
